Workbook

Sheet summary
A1: Dataset Size
B2: Count
A3: # Problems | B3: =COUNT(problems!A:A) -> 69
A4: # Buggy Submissions | B4: =COUNT(buggy_submissions!A:A) -> 366
A6: Repair Coverage
A7: Num Iterations | B7: GPT-4
B8: Success
A9: 1 | B9: =COUNTIFS(gpt4_N!G:G, TRUE, gpt4_N!F:F, "<=1")/$B$4*100 -> 74.863388
A10: 2 | B10: =COUNTIFS(gpt4_N!G:G, TRUE, gpt4_N!F:F, "<=2")/$B$4*100 -> 84.153005
A11: 3 | B11: =COUNTIFS(gpt4_N!G:G, TRUE, gpt4_N!F:F, "<=3")/$B$4*100 -> 86.065574
A12: 4 | B12: =COUNTIFS(gpt4_N!G:G, TRUE, gpt4_N!F:F, "<=4")/$B$4*100 -> 87.978142
A13: 5 | B13: =COUNTIFS(gpt4_N!G:G, TRUE, gpt4_N!F:F, "<=5")/$B$4*100 -> 88.52459
A15: Feedback Confusion Matrix @ 1
C16: GPT-4
C17: Positive | D17: Negative
A18: Actual | B18: Postive | C18: =SUM(gpt4_1!I:I) -> 656 | D18: =SUM(gpt4_1!M:M) -> 125
B19: Negative | C19: =SUM(gpt4_1!J:L) -> 254
A22: Feedback Quality
A23: Num Iterations | B23: GPT-4
B24: Recall | C24: FNR | D24: Precision | E24: FPR-E | F24: FPR-I | G24: FPR-H
A25: Single | B25: =SUM(gpt4_1!$I$1:$I$367)/(SUM(gpt4_1!$I$1:$I$367)+SUM(gpt4_1!M:M)) -> 0.83994878 | C25: =SUM(gpt4_1!M:M)/(SUM(gpt4_1!$I$1:$I$367)+SUM(gpt4_1!M:M)) -> 0.16005122 | D25: =SUM(gpt4_1!$I$1:$I$367)/(SUM(gpt4_1!$I$1:$I$367)+SUM(gpt4_1!$J$1:$L$367)) -> 0.72087912 | E25: =SUM(gpt4_1!$J$1:$J$367)/(SUM(gpt4_1!$I$1:$I$367)+SUM(gpt4_1!$J$1:$L$367)) -> 0.14835165 | F25: =SUM(gpt4_1!$K$1:$K$367)/(SUM(gpt4_1!$I$1:$I$367)+SUM(gpt4_1!$J$1:$L$367)) -> 0.09010989 | G25: =SUM(gpt4_1!$L$1:$L$367)/(SUM(gpt4_1!$I$1:$I$367)+SUM(gpt4_1!$J$1:$L$367)) -> 0.040659341
A26: Multiple | B26: =SUM(gpt4_N!$I$1:$I$367)/(SUM(gpt4_N!$I$1:$I$367)+SUM(gpt4_N!M:M)) -> 0.87169811 | C26: =SUM(gpt4_N!M:M)/(SUM(gpt4_N!$I$1:$I$367)+SUM(gpt4_N!M:M)) -> 0.12830189 | D26: =SUM(gpt4_N!$I$1:$I$367)/(SUM(gpt4_N!$I$1:$I$367)+SUM(gpt4_N!$J$1:$L$367)) -> 0.72413793 | E26: =SUM(gpt4_N!$J$1:$J$367)/(SUM(gpt4_N!$I$1:$I$367)+SUM(gpt4_N!$J$1:$L$367)) -> 0.14420063 | F26: =SUM(gpt4_N!$K$1:$K$367)/(SUM(gpt4_N!$I$1:$I$367)+SUM(gpt4_N!$J$1:$L$367)) -> 0.077324974 | G26: =SUM(gpt4_N!$L$1:$L$367)/(SUM(gpt4_N!$I$1:$I$367)+SUM(gpt4_N!$J$1:$L$367)) -> 0.054336468

Sheet problems
A1: pid | B1: description | C1: prefix | D1: suffix
A2: 17311 | B2: Create a Python program that performs the following operations. First, it should prompt the user to input a temperature in Fahrenheit. Then, it should calculate the equivalent temperature in Celsius and store this value in a variable named 'result'. Finally, the program should print out the calculated Celsius temperature. The formula to convert Fahrenheit to Celsius is given by: T(C) = (T(F) - 32) * 5/9. | C2: globcount = 0 def overriden_input(x): global globcount if(globcount == 0): globcount +=1 return 854 def overriden_eval(x): return x import __future__ input = overriden_input eval = overriden_eval | D2: no_code = False if(globcount == 0): no_code = True ans = (854 - 32) * 5 / 9
A3: 17312 | B3: Create a Python program that accomplishes the following tasks: First, it should prompt the user to input their name. Secondly, it should ask the user to input their age. After collecting these inputs, the program should store a message in the format "My friend <name> is <age> years old." in a variable named 'result'. Finally, the program should print out this message. | C3: globcount = 0 # append the required inputs to the list below return_val = ["Jane", "15"] def overriden_input(x): global globcount globcount += 1 return return_val[globcount - 1] def overriden_eval(x): return x import __future__ input = overriden_input eval = overriden_eval | D3: no_code = False if(globcount == 0): no_code = True ans = "My friend Jane is 15 years old."
A4: 17313 | B4: Create a program that carries out the following operations: It first prompts the user to input the radius of a cylinder. Then, it asks the user to provide the height of the cylinder. The program should then calculate the volume of the cylinder using the formula (πr²h) and store the result in a variable named 'result'. Finally, the program should print out the calculated volume. For this task, use the value of π as 3.14159. | C4: globcount = 0 # append the required inputs to the list below return_val = [8.9, 17] def overriden_input(x): global globcount globcount += 1 return return_val[globcount - 1] def overriden_eval(x): return x import __future__ input = overriden_input eval = overriden_eval | D4: no_code = False if(globcount == 0): no_code = True ans = 3.14159 * 8.9 ** 2 * 17
A5: 17314 | B5: Your task is to create a function named 'count_substring' that calculates the number of substrings within a given string that start with the character 'A' and end with the character 'X'. For instance, if the input string is "CAXAAYXZA", the function should identify four substrings that start with 'A' and end with 'X'. These are: "AX", "AXAAYX", "AAYX", and "AYX". You should accomplish this task using only one loop. The input string will only consist of uppercase English letters.
A6: 17315 | B6: Your task is to create a program that calculates the factorial of a number using a loop. The factorial of a number is the product of all positive integers up to that number. For instance, the factorial of 5 is 1*2*3*4*5 = 120. You can assume that the input will always be a valid positive integer. You should use a 'for' loop to solve this problem. | D6: def big(): x = 1 for i in range(1, 10001): x *= i return x
A7: 17316 | B7: Your task is to create a program that performs the following operations. First, it should prompt the user to input an integer within the range of 0 to 999. Next, the program should add all the digits in the input integer and store the sum in a variable named 'result'. Finally, the program should display the sum of the digits. For instance, if the input integer is 932, the sum of all its digits is 14. To accomplish this, you can use the '%' operator to extract the digits and the '//' operator to remove the extracted digit. Here's an example of how the program should run: Enter a number in range [0,999]: 999 The sum of the digits is 27 | C7: globcount = 0 # append the required inputs to the list below return_val = [259] def overriden_input(x): global globcount globcount += 1 return return_val[globcount - 1] def overriden_eval(x): return x import __future__ input = overriden_input eval = overriden_eval | D7: no_code = False if(globcount == 0): no_code = True ans = 16
A8: 17317 | B8: Create a program that carries out the following operations: First, it should prompt the user to input an integer. Next, the program should determine whether the entered integer is odd or even, and store the outcome in a variable named 'result'. Finally, the program should display the result, where 'True' indicates that the number is even, and 'False' signifies that it's odd. Remember, you can accomplish this task without using an if-else statement. | C8: globcount = 0 def overriden_input(x): global globcount if(globcount == 0): globcount +=1 return 561 def overriden_eval(x): return x import __future__ input = overriden_input eval = overriden_eval | D8: no_code = False if(globcount == 0): no_code = True ans = False
A9: 17318 | B9: You have two variables, x and y, each containing a random integer value. Your task is to write a piece of code that will exchange the values of these two variables. This means that the value initially held by x should be in y and vice versa. | C9: x = 872 y = 23 | D9: newy = 872 newx = 23
A10: 17319 | B10: Your task is to predict the output of the following Python statements without running them. You will need to understand how Python evaluates expressions and how it handles different data types. Here are the statements you need to evaluate: a) print(3 * 6 == 6.0 * 3.0) b) print(2 > 5 or (1 < 2 and 9 >= 11)) c) print(3 > 4 or (2 < 3 and 9 > 10)) d) print( not (11 % 3 == 2)) e) print("2" + "3" == "23") Write down what you think will be printed for each of these statements. | D10: a_ans = True b_ans = False c_ans = False d_ans = False e_ans = True
A11: 17320 | B11: Your task is to translate a given algebraic expression into a Python expression. The algebraic expression is as follows: (3 + 4x)/5 - (10(y - 5)(a + b + c))/x + 9((4/x) + ((9 + x)/y)) You need to write a Python program that will represent this algebraic expression. Remember to use the correct Python syntax for mathematical operations. | C11: x = 98 y = -91 a = 11 b = 276 c = 124 | D11: ans = (3 + 4 * x) / 5 - 10 * (y - 5) * (a + b + c) / x + 9 * (4 / x + (9 + x) / y)
A12: 17322 | B12: The Chinese zodiac is a repeating cycle of 12 years, with each year being represented by an animal sign: monkey, rooster, dog, pig, rat, ox, tiger, rabbit, dragon, snake, horse, and sheep. Your task is to complete a Python function that determines the zodiac sign based on the input year. The function should update the variable 'zodiacYear' with the correct animal sign corresponding to the input 'year'. For instance, if the input year is 1900, the zodiacYear should be "rat", and if the year is 2015, the zodiacYear should be "sheep".
A13: 17323 | B13: You have two numbers, referred to as 'num1' and 'num2'. Your task is to figure out which of these two numbers is smaller. Once you've determined which number is smaller, assign that number to a variable called 'result'.
A14: 17324 | B14: A leap year is a special year that contains an extra day. In the Gregorian calendar, which is the most commonly used solar calendar, February in a leap year has 29 days instead of the usual 28, making the year 366 days long instead of the usual 365. A year is considered a leap year if it is divisible by 4 and not a century year, or if it is a century year that is divisible by 400. For instance, the year 1600 is a leap year because it is evenly divisible by 400. Likewise, the year 1988 is a leap year because it is evenly divisible by 4 but not by 100. Your task is to complete the code below so that the correct value will be assigned to the variable 'isLeapYear' based on the input 'year'. For instance, 'isLeapYear' should be True if 'year' is 1988 and False if 'year' is 2015.
A15: 17325 | B15: A triangle can be classified into several types based on the lengths of its sides. The types are as follows: 1. Not a triangle: If the length of any side is longer or equal to the sum of the other two sides, it's not a triangle. 2. Equilateral: If all sides of a triangle have the same length, it's an equilateral triangle. 3. Isosceles: If two sides are equal in length and it's not an equilateral triangle, it's an isosceles triangle. 4. Scalene: If all sides are unequal and it's a triangle, it's a scalene triangle. Your task is to complete the code such that the correct value will be updated to the variable 'triangleType' based on the input sides 's1", 's2", and 's3'. For example: - Given sides 5, 5, 5, the 'triangleType' should be "Equilateral". - Given sides 100, 3, 4, the 'triangleType' should be "Not a triangle".
A16: 17326 | B16: In this task, you need to calculate the gradient of a straight line given the coordinates of two points on the line. You are required to complete a code that will update the variable 'gradientType' based on the two input points (x1, y1) and (x2, y2). For instance, if the two points are (2,2) and (1,4), the 'gradientType' should be "Negative". Similarly, if the two points are (2,2) and (4,3), the 'gradientType' should be "Positive".
A17: 17327 | B17: Your task is to create a Python function that checks whether a given point (x, y) is located within a circle. The circle is centered at the origin (0, 0) and has a radius of 10. Based on your check, update a variable named 'inCircle'. If the point is within the circle, 'inCircle' should be True. If the point is outside the circle, 'inCircle' should be False. For instance, the point (4, 5) is inside the circle, so 'inCircle' would be True. However, the point (9, 9) is outside the circle, making 'inCircle' False. | C17: import math
A18: 17329 | B18: Your task is to create a program that can convert a positive integer given in binary format into its equivalent decimal representation. However, there's a catch! You are not permitted to use the built-in 'int' function. For guidance on the input format, please refer to the example test cases provided. | D18: factorial = lambda x: 1 if x <= 1 else x*factorial(x-1)
A19: 17330 | B19: This task is centered around the Fibonacci sequence, a popular concept in mathematics. The Fibonacci sequence is defined as follows: The first and second terms are 1. The nth term is the sum of the (n-1)th term and the (n-2)th term. For example, the third term is the sum of the first and second terms, the fourth term is the sum of the third and second terms, and so on. The sequence begins as follows: "1", 1, 2, 3, 5, 8, 13, 21, ... Your task is to write a program that, given a positive integer n, computes the nth term in the Fibonacci sequence.
A20: 17331 | B20: Your task is to create a function that takes a positive integer as an input and returns the number with its digits in reverse order. For instance, if the input is 12345, your function should return 54321. Please note that you are not permitted to use the built-in 'str' and 'int' functions in Python. Your function should be able to perform this task without converting the integer to a string or vice versa. | D20: def factorial(n): a = 1 for i in range(1, n+1): a *= i return a
A21: 17332 | B21: You are given two positive integers, 'a' and 'b", where 'a' is not greater than 'b'. Your task is to determine how many integers between 'a' and 'b", inclusive, are palindromes. A number is considered a palindrome if it remains the same when its digits are reversed. In other words, a number 'n' is a palindrome if 'n' equals the reverse of 'n'. You can use the 'reverse_number' function from a previous problem as if it is already defined. | C21: def reverse_number(num): n = 0 while num: n*=10 n += num%10 num //= 10 return n
A22: 17337 | B22: Think of a function as a mysterious box. You only need to be aware of the inputs it requires and the output it produces. One method to calculate the area of a triangle is by using the formula: area = 1/2 * base * height. Your task is to define a function named 'area' that uses this formula to calculate and return the area of any given triangle. You need to determine what inputs it needs and what it should return as output.
A23: 17338 | B23: A different approach to calculate the area of a triangle with sides A, B, C involves the use of the trigonometric ratio sine. The formula to calculate the area is 1/2 * A * B * sin(AB), where AB is the angle included between sides A and B. In Python, the 'sin' function is available in the 'math' package. To use it, you need to include the line 'from math import *' at the top of your Python file. Your task is to define a function named 'area2' that calculates and returns the area of any given triangle using this formula. You need to decide what arguments it should take as input and what its return value should be. Once you have both functions, consider if they can be directly substituted for each other and explain why.
A24: 17339 | B24: In this task, you will be implementing a function that calculates the area of a triangle using Heron's Formula. The formula for calculating the area of a triangle using Heron's formula is area = sqrt[s*(s - a)*(s - b)*(s - c)], where s = (a+b+c)/2. You need to define a function named 'area3' that takes the lengths of the three sides of a triangle as arguments and returns the area of the triangle calculated using Heron's formula. You need to decide what the arguments of the function should be and what its return value should be.
A25: 17344 | B25: It's time to put your knowledge into practice! Your task is to use a 'for' loop to calculate the sum of the first 1337 natural numbers. In other words, you need to add all numbers from 1 to 1337. The result should be stored in the variable 'ans' which has already been defined for you.
A26: 17345 | B26: A function named 'mystery' has been defined. This function takes in a single integer as an input and returns False if the input matches a specific integer Z, and True otherwise. It's known that Z lies between 1 and 1000, both inclusive. For instance, if Z equals 201, the function 'mystery(201)' would return False, while other inputs like 'mystery(101)", 'mystery(400)", and 'mystery(2)' would return True. Your task is to use a 'while' loop to identify the value of Z. Start with z equals 1, and continue testing 'mystery(z)' until it returns False. At this point, you have discovered the value of Z. | C26: mystery = lambda x: not (x == 689)
A27: 17346 | B27: Python comes with several built-in functions that can be used with lists. For instance, the 'len' function can be used to return the number of elements in a list, the 'max'/'min' functions can be used to return the elements with the highest and lowest values in the list, and the 'sum' function can return the sum of all elements in the list. Given a list of random numbers named 'myList", your task is to use these functions to determine the length of 'myList", the smallest number in 'myList", the largest number in 'myList", and the sum of all the numbers within 'myList'. | C27: from random import randint myList = [] for i in range(randint(10, 50)): myList.append(randint(0, 100))
A28: 17347 | B28: You are tasked with calculating the area of a regular pentagon. The formula to calculate the area of a regular pentagon is given by ((3 * sqrt(3))/2) * (2*r* sin(pi/5))^2, where r is the radius of the pentagon. You need to store the calculated area in a variable named 'result'. The area should be formatted to 2 decimal places. For instance, if the radius of the pentagon is 5.5, the calculated area should be stored as '51.53' in the 'result' variable. | D28: if r < 0: # Fail if r is negative result = 0 s = 2*r*math.sin(math.pi/5) area = ((3*math.sqrt(3))/2)*s**2 answer = format(area, ".2f")
A29: 17348 | B29: You are required to calculate a certain value and store it in a variable named 'result'. The calculation involves a mathematical formula that uses the number of sides (n) of a regular polygon and the length of each side (s). The formula is: (n*s*s)/(4 * tan(pi/n)). For this task, consider n as 5 and s as 6.5. Once you have calculated the value, format it to 4 decimal places. | D29: if (n < 0 or s < 0): result = 0 area = (n*(s**2))/(4*(math.tan(math.pi/n))) answer = format(area, ".4f")
A30: 17349 | B30: Your task is to create a Python program that generates a random uppercase letter. To accomplish this, you'll need to store the randomly generated uppercase letter in a variable named 'result'. Please remember to keep the letter in uppercase. | D30: r = range(65, 91) if ord(result) in r: answer = chr(ord(result)) else: answer = ""
A31: 17350 | B31: Your task is to create a Python program that generates a random string of 5 lowercase letters. You should store the final string in a variable named 'result'. | D31: r = range(97,123) answer = "" for i in range(5): if ord(result[i]) in r: answer += result[i] #print(i) else: answer = ""
A32: 17351 | B32: Your task is to create a Python program that generates a random string composed of both characters and numbers. The string should adhere to the following format: CCNNNc. In this format, 'C' represents uppercase letters, 'c' represents lowercase letters, and 'N' represents numbers from 0 to 9. It's important to remember to store the result of your program in a variable named 'result'. | D32: r1 = range(97, 123) r2 = range(65, 91) r3 = range(48, 58) answer = "" for i in range(6): if (i < 2 and ord(result[i]) in r2): answer += result[i] elif ((i>= 2 and i<5) and ord(result[i]) in r3): answer += result[i] elif ((i == 5) and ord(result[i]) in r1): answer += result[i] else: answer = ""
A33: 17352 | B33: Your task is to create a string variable named 's'. When this string is printed, it should display the following message: "He said, 'This is nested\annoying'", Steve recalled. Remember to correctly use escape characters to handle quotes and backslashes within the string.
A34: 17353 | B34: Your task is to create a string variable named 's'. This string should consist of 1000 'a' characters followed by 1000 'b' characters. In other words, your string should look like this: 'aaaaa...aaaabbbbb...bbbb", where there are 1000 'a's and 1000 'b's.
A35: 17354 | B35: John has noticed that many of his tweets on Twitter are less than 140 characters long. He wants to make the most of the available space by filling any remaining space with the string 'lolololol' until he reaches 140 characters. For instance, if his message is "What a wonderful day!", he wants to tweet "What a wonderful day!lololololololololololololololololololololololololololololololololololololololololololololololololololololololololololololol". Note that the 'lololol...' part should always end with an 'l'. To achieve this, you may need to leave a space between the message and the start of the 'lolololol...' part. For example, 'Odd' will become 'Oddlololololololololololololololololololololololololololololololololololololololololololololololololololololololololololololololololololol' (without space), and 'Even' will become 'Even lolololololololololololololololololololololololololololololololololololololololololololololololololololololololololololololololololololol' (with space). Your task is to help John create a function that will take in the string of his message without the 'lololol' part and return a string containing a tweet according to John's specifications. | D35: """ def pad_answer(s): space = 140-len(s) if space == 0: return s if space%2==0: return s+" "+"lo"*((space-2)//2) + "l" else: return s+"lo"*(space//2) + "l" """
A36: 17355 | B36: Create a function that accepts a single word as input and transforms it into pig latin. The rules for this simplified pig latin conversion are as follows: Move the first letter of the word to the end and then append the string 'ay' to it. For instance, if the input is 'python", the output should be 'ythonpay'. | C36: """ def pig_latin(word): return word[1:]+word[0]+'ay' """
A37: 17356 | B37: Create a function that accepts a string as an input. The function should convert all the uppercase characters in the string to lowercase and all the lowercase characters to uppercase. For instance, if the input string is "This is a Test", the function should return "tHIS IS A tEST". | D37: """ def swap(s): res = "" for c in s: if c in "ABCDEFGHIJKLMNOPQRSTUVWXYZ": res+=c.lower() elif c in "abcdefghijklmnopqrstuvwxyz": res+=c.upper() else: res+=c return res """
A38: 17357 | B38: In this task, you are required to convert a sentence into pig latin. Pig latin is a secret language formed by altering the letters in the words. The Python function 'split()' can be used to break down a sentence into individual words. For instance, "Hello World".split() will return ["Hello","World"]. You need to write a function that takes a sentence as input and converts it into pig latin. To keep things simple, the input sentences will not contain any punctuation. | C38: def pig_latin(word): return word[1:]+word[0]+'ay' | D38: """ def pig_latin_sentence(sentence): res = "" for word in sentence.split(): res+=pig_latin(word)+" " res = res[:-1] return res """
A39: 17358 | B39: Create a function named 'at_least_n'. This function should accept two parameters: a list of integers and an integer 'n'. The function should return a new list that contains only the integers from the original list that are greater than or equal to 'n'. All the integers smaller than 'n' should be removed from the list. | D39: list1 = list(range(15)) list2 = list(range(100))
A40: 17359 | B40: In the world of computers, understanding binary numbers is essential. This task will test your knowledge of binary numbers and your ability to convert them into decimal numbers. You will be given a list of binary numbers, where each element of the list represents a digit of the binary number. For instance, the binary number 110101 will be represented as [1, 1, 0, 1, 0, 1]. Your task is to write a Python function that converts this binary number into its decimal equivalent. For example, the binary number 110101 is equivalent to 53 in decimal. Please note that there won't be any negative numbers in the input, and you should not hard-code the solution as it will fail for larger test cases.
A41: 17365 | B41: Create a function that accepts three parameters: a string, a substring, and an integer. The function should return a new string where the substring is inserted into the original string at the position defined by the integer. For instance, if the function is called as follows: insert("statics","tis",3), it should return "statistics". You can assume that the integer will always be between 0 and the length of the string (inclusive). | D41: """ def insert(s,ss,i): return s[0:i]+ss+s[i:] """
A42: 17366 | B42: Your eccentric cousin has created a website where all the text is separated by vertical bars. He believes it enhances readability, but you strongly disagree. Your task is to write a function that will remove these vertical bars from the text. For instance, if the function receives '|H|e|l|l|o| |W|o|r|l|d|' as input, it should return 'Hello World'. | C42: def remove_bars(string): #insert code here pass | D42: """ def remove_bars(s): return s[1::2] """
A43: 17384 | B43: Your task is to write a Python program that checks if a given number is a palindrome or not. A number is considered a palindrome if it reads the same from right to left as it does from left to right. However, there's a catch! The number must be between 0 and 999, inclusive. Any number that is less than 0 or more than 999 will not pass the test. Your program should return a boolean value - True if the number is a palindrome and False if it's not. | D43: ''' `SOLUTION def palindromeNumber(number): if number < 0 or number > 999: return False elif number > 99: reversedNumber = (number % 10) * 100 + (number // 10 % 10) * 10 + (number // 100) elif number > 9: reversedNumber = (number % 10) * 10 + (number // 10) else: return True if number == reversedNumber: result = True else: result = False return result '''
A44: 17385 | B44: Your task is to write a Python function that determines the relationship between two rectangles. The function should take eight parameters, representing the center x and y coordinates, width, and height of both rectangles. The function should return one of the following strings based on the relationship between the two rectangles: "r2 is inside r1", "r2 overlaps r1", "r2 does not overlap r1", "r2 intersect r1 exactly", or "Not a valid rectangle". A rectangle is considered valid if both its width and height are greater than 0. Consider the following examples: CASE 1: If the center x and y coordinates, width, and height of the first rectangle (r1) are 2.5, 4, 2.5, 43 respectively, and those of the second rectangle (r2) are 1.5, 5, 0.5, 3 respectively, then r2 is inside r1. CASE 2: If the center x and y coordinates, width, and height of r1 are 1, 2, 3, 5.5 respectively, and those of r2 are 3, 4, 4.5, 5 respectively, then r2 overlaps r1. CASE 3: If the center x and y coordinates, width, and height of r1 are 1, 2, 3, 3 respectively, and those of r2 are 40, 45, 3, 2 respectively, then r2 does not overlap r1. CASE 4: If the center x and y coordinates, width, and height of both r1 and r2 are 1, 2, 3, 3 respectively, then r2 intersect r1 exactly. | D44: ''' SOLUTION def rectangles(x1, y1, w1, h1, x2, y2, w2, h2): xDistance = x1 - x2 if x1 - x2 >= 0 else x2 - x1 yDistance = y1 - y2 if y1 - y2 >= 0 else y2 - y1 if xDistance == 0 and yDistance == 0: message = "r2 intersect r1 exactly" elif xDistance <= (w1 - w2) / 2 and yDistance <= (h1 - h2) / 2: message = "r2 is inside r1" elif xDistance <= (w1 + w2) / 2 and yDistance <= (h1 + h2) / 2: message = "r2 overlaps r1" else: message = "r2 does not overlap r1" return message print(rectangles(2.5, 4, 2.5, 43, 1.5, 5, 0.5, 3)) print(rectangles(1, 2, 3, 5.5, 3, 4, 4.5, 5)) print(rectangles(1, 2, 3, 3, 40, 45, 3, 2)) print(rectangles(1, 2, 3, 3, 1, 2, 3, 3)) '''
A45: 17386 | B45: Imagine a school with two turnstiles at its back gate. Unfortunately, these turnstiles are not always functional. They operate for a certain number of minutes, then break down for a while, but the pattern of operation and breakdown is predictable. For instance, one turnstile works for A minutes, then breaks down for B minutes. The other turnstile operates for C minutes, and then breaks down for D minutes. Both turnstiles follow this pattern throughout the day, starting with a working period, followed by a breakdown period, and so on. Your friend Sean is a student at this school. Given the time of his arrival, your task is to write a program to determine how many turnstiles (none, one, or both) are operational when he arrives. The input to your program will be the integers A, B, C, D, and X, where X is the minute of the day that Sean arrives at the back gate. For example, if X is 3, it means "Sean arrived sometime during the third minute of the day". All numbers in the input will range between 1 and 999. The output of your program should be the number of turnstiles that are operational when Sean arrives (0, 1, or 2). For example, if the input is 2 2 3 3 1, the output should be 2. This means that both turnstiles are working when Sean arrives. | D45: '''solution def turnstiles(A, B, C, D, X): ans = f(A,B,X)+f(C,D,X) return ans def f(A, B, X): return ((X-1) % (A +B)) < A '''
A46: 17387 | B46: Imagine a snail at the base of a wooden pole. The pole has a height of H meters. The snail is determined to reach the top of the pole. During the day, the snail is able to climb up A meters. However, at night while it sleeps, it slides down B meters. Your task is to calculate the number of days it will take for the snail to reach the top of the pole. You will be given three integers A, B, and H, where A represents the distance the snail can climb in a day, B represents the distance the snail slides down at night, and H represents the height of the pole. The constraints are such that 1 ≤ B < A ≤ H ≤ 10^9. You need to output the number of days it will take for the snail to reach the top of the pole. This should be stored in a variable named 'ans'. For instance, if the input is 2, 1, 5 (A=2, B=1, H=5), the output should be 4, meaning it will take the snail 4 days to reach the top of the pole. | D46: '''solution def snail(A, B, H): ans = (H-B-1)//(A-B) + 1 return ans '''
A47: 17388 | B47: Your task is to create a function that can identify if a given positive integer is a prime number or not. A prime number is a positive integer that has exactly two factors: 1 and itself. For instance, numbers like 3, 13, and 17 are prime numbers because they can only be divided evenly by 1 and themselves. On the other hand, 21 is not a prime number because it has additional factors, 3 and 7. It's important to note that 1 is not considered a prime number since it only has one factor, which is itself. Your function should return True if the input number is a prime number and False otherwise.
A48: 17389 | B48: A perfect number is a positive integer that is equal to the sum of its proper divisors. A proper divisor is a positive integer other than the number itself that divides the number evenly, leaving no remainder. For instance, 6 is the smallest perfect number, because the sum of its proper divisors 1, 2, and 3 is equal to 6. On the other hand, 8 is not a perfect number because the sum of its proper divisors, 1, 2, and 4, does not equal 8. Your task is to write a program that takes a positive integer n as input and determines if it is a perfect number. The program should return True if n is a perfect number and False otherwise.
A49: 17390 | B49: This programming task is about the 'hailstone sequence", but it's not about freezing time. Here's how the sequence works: You start with a given positive integer, n. You continue the process until n becomes 1. If n is even, you divide it by 2. If n is odd, you triple it and add 1 (3n+1). For instance, if you start with n = 6, the sequence will be 6, 3, 10, 5, 16, 8, 4, 2, 1, requiring a total of 8 operations. Your task is to determine, given the starting n, how many of these operations are needed to reach 1? This is known as the 'total stopping time' of n. Rest assured, the result is finite and exists. If you encounter an input that does not reach 1, you might have found a counterexample to the 'Collatz conjecture", and you should contact your local math or computer science teacher. | D49: def factorial(n): a = 1 for i in range(1, n+1): a *= i return a
A50: 17391 | B50: Your task is to create a Python function that calculates the sum of consecutive integers within a given range. The range is defined by two integers, a and b, both inclusive. You should use a 'for' loop to solve this problem. For example, if a is 3 and b is 5, your function should return the sum of 3, 4, and 5, which is 12.
A51: 17392 | B51: Your task is to write a Python program that calculates the sum of consecutive even numbers within a given range. The range is defined by two numbers, 'a' and 'b", both of which are included in the range. If 'a' is an odd number, your program should start the sum from the next even number greater than 'a'. Similarly, if 'b' is an odd number, the sum should stop at the last even number less than 'b'. Your solution should use a 'for' loop to accomplish this task. | C51: ''' solution def consecutiveSumEven(a, b): #add your code below if a%2 != 0: #odd a a += 1 if b%2 != 0: #odd b b -= 1 ans = 0 for i in range(a, b+1, 2): ans = ans + i return ans '''
A52: 17393 | B52: Your task is to utilize a 'while' loop to determine the smallest integer 'n' such that the square of 'n' is greater than a given positive integer 'K'. | C52: ''' def smallestNsq(K): n = 1 while n**2 < K+1: n += 1 return n '''
A53: 17397 | B53: Your task is to design a function named 'pattern' that uses nested for loops. This function should take an integer 'n' as an argument and return a string that follows a specific pattern. The pattern is such that for each number from 1 to 'n", the number is repeated as many times as its value. For instance, if the function is called with the argument 8 (i.e., pattern(8)), it should return the string "122333444455555666666777777788888888". | C53: """def pattern(n): s = "" for i in range(n+1): for j in range(i): s += str(i) return s print(pattern(8)) """
A54: 17398 | B54: Create a function named 'triangle1' that uses nested for loops to generate a pattern of asterisks. The function should take an integer as an argument, which will determine the size of the triangle. For instance, if you call triangle1(6), the function should return the following pattern: * ** *** **** ***** ****** Each line of the pattern has one more asterisk than the line before it. The function should return the entire pattern as a single string. | C54: """ def triangle1(n): s = "" for i in range(1,n+1): for j in range(i): s += "*" if i!= n: s += "\n" return s """
A55: 17399 | B55: Your task is to write a function named 'patternPyramid'. This function will take an integer as an input and return a string that forms a pattern. The pattern should be created using nested for loops. The pattern will be a series of numbers, starting from 1 and incrementing by 1 for each line, up to the number equivalent to the input dimension. For instance, if the function 'patternPyramid' is passed the number 6, it should return the following pattern as a string: 1 12 123 1234 12345 123456 | C55: """ def triangle2(n): s = "" for i in range(1,n+1): for j in range(1,i+1): s += str(j) if i!= n: s += "\n" return s """
A56: 17400 | B56: Your task is to write a Python function named 'triangle3'. This function should take an integer as an input, which represents the dimension of a pattern. The function should use nested for loops to create and return a string that represents a specific pattern. The pattern is a right-angled triangle composed of numbers. Each row of the triangle starts with spaces and ends with numbers. The number of spaces decreases by one in each subsequent row, while the numbers increase by one. For instance, if the function 'triangle3' is called with the argument 6, it should return a right-angled triangle pattern with 6 rows. Please note that the pattern should not end with a newline character. | C56: """ def triangle3(n): s = "" for i in range(n): for k in range(n - i - 1): s += " " # Generate leading spaces. for j in range(1, i + 2): # Generate 1 through peak value. s += str(j) if i != n-1: s += "\n" return s """
A57: 17405 | B57: EAN-13 barcodes are commonly used on products. These barcodes contain a check digit that allows for error checking by the barcode reader. The check digit is the rightmost digit of the barcode and these barcodes consist of 13 digits. To determine the correct check digit, the following method is applied: 1. Sum up all the even positioned digits in the barcode (counting from the left, with the leftmost digit being odd, excluding the check digit). 2. Multiply the sum of all even positioned digits by 3. 3. Add up all the odd positioned digits with the result from the previous step. 4. The number you need to add to the total sum of digits to get a total divisible by 10 is the check digit. Your task is to complete a function named check_validity. This function should return True if the EAN-13 barcode is valid and False otherwise. The barcodes will be given in the form of a list, with each element being a digit. | C57: ''' Adapted and corrected from the old Lab 7 def check_validity(lst): if len(lst) == 13 and (sum(lst[:-1:2]) + sum(lst[1::2]) * 3 + lst[-1]) % 10 == 0: return True return False '''
A58: 17406 | B58: Welcome to the annual Rock-paper-scissors Championship! Contestants are competing in a thrilling game of rock-paper-scissors. The ultimate champion will even get the chance to represent on a national level! Your task is to compute the winners of each match. You will be given a list of all the outcomes of each individual round of rock-paper-scissors within each match. You can be sure that the list will not be empty. Here is an example list: ['A", 'B", 'T", 'T", 'B", 'A", 'A", 'A", 'T", 'A", 'B']. In any given match, the two contestants will be labelled as either 'A' or 'B'. Ties are represented by 'T'. The order of the outcomes within the list follows the order of the individual rounds. Each time a player wins a round, their score increases by 1. If they are on a winning streak (meaning they won the previous round as well as the current round), their score increases by 2 instead. A player wins the match when their score reaches a threshold limit n (n >= 1). Once that happens, you should return the alphabet corresponding to the winning player. Please note that it is possible that more rounds than needed were played due to the excitement of the players and the oversight of the score-keepers (which is why they need your help). If neither player's scores reach the threshold limit, your function should return None. | C58: ''' def calculate_winner(lst, n): a_count = 0 b_count = 0 last_char = lst[0] if last_char == 'A': a_count += 1 elif last_char == 'B': b_count += 1 for i in lst[1:]: if i == 'A': a_count += 1 if last_char == i: a_count += 1 elif i == 'B': b_count += 1 if last_char == i: b_count += 1 last_char = i if a_count >= n: return 'A' elif b_count >= n: return 'B' return None ''' | D58: example_list1 = ['A", 'B", 'T", 'T", 'B", 'A", 'A", 'A", 'T", 'A", 'B'] example_list2 = ['A", 'B", 'T", 'T", 'B", 'A", 'A", 'A", 'T", 'A", 'B'] example_list3 = ['A", 'B", 'T", 'T", 'B", 'A", 'A", 'A", 'T", 'A", 'B'] list2 = ['A", 'B", 'B", 'A'] list3 = ['T']
A59: 17407 | B59: Your task is to write a Python function named 'createList'. This function should accept an integer input 's'. The function should then generate a list of 's' size, filled with random integers ranging from 0 to 50. The function should return this list as the output. For example, if the input is 5, the function might return a list like [12, 45, 7, 30, 1]. | D59: size = 25 anslist = createList(size) count=0 for i in range(size): if(anslist[i] >=0 and anslist[i] <=50): count+=1 correct_ans = (count == size) and (len(anslist) == size)
A60: 17408 | B60: Develop a function named 'calculateSumAndAverage'. This function should accept a list as an argument and return two values. The first value should be the total sum of all elements in the list, and the second value should be the average of all elements in the list. For instance, if the list is [1, 2, 3, 4, 5], the function should return (15, 3.0), where 15 is the sum of all elements and 3.0 is the average. | D60: list1 = [1,2,3,4,5,6,7,8,9,10] list2 = [45, 21, 54, -9, -23324, 56464, 76756] def SumAndAverageAns(mylist): sum = 0 avg = 0 for i in range(len(mylist)): sum += mylist[i] avg = sum / len(mylist) return sum, avg a, b = SumAndAverageAns(list1) a1, b1 = SumAndAverage(list1) c , d = SumAndAverageAns(list2) c1, d1 = SumAndAverage(list2) ans1 = a == a1 and b == b1 ans2 = c == c1 and d == d1
A61: 17409 | B61: Create a function called 'numOccurrence' that accepts two parameters: 'mylist' and 'data'. The function should count and return the number of times 'data' appears in 'mylist'. For instance, if 'mylist' is [1,2,1,2,3,5,6,1,4,6,1] and 'data' is 1, then 'numOccurrence(mylist, 1)' should return 4.
A62: 17410 | B62: Your task is to write a Python function called 'subset()' that accepts two lists as parameters. The function should determine whether one list is a subset of the other. The function should return one of the following three statements: "List 1 is a subset of List 2", "List 2 is a subset of List 1", or "The two lists are not subsets of each other". For instance, if we have four lists: lista = [1,2,3], listb = [3,4,6,2,1], listc = [3,2,1], and listd = [3,4,6,2], the function subset(lista, listb) should return "List 1 is a subset of List 2", subset(listb, lista) should return "List 2 is a subset of List 1", and subset(lista, listd) should return "The two lists are not subsets of each other". Please note that in a set, there are no duplicate elements. | D62: lista = [1,2,3] listb = [3,4,6,2,1] listc = [3,2,1] listd = [3,4,6,2]
A63: 17412 | B63: Consider the following Python code snippet. Your task is to determine the output of this code. Be sure to carefully trace the code, perhaps even on a piece of paper, to understand how it works. Once you've figured out the output, store it in a variable named 'ans'. Here is the code you need to analyze: list = [5, 7, 1, 6, 2, -4, 0, -5] var = 0 for i in range(5): var = list[var] print(var)
A64: 17415 | B64: Imagine you have a list of numbers, specifically list1 = [6, 0, 2, 2, 1, 4, 0, 8, 5, 7]. You are asked to perform some operations on this list. First, you need to remove the last item from the list using the pop() method. Next, you need to remove the first occurrence of the number 0 from the list using the remove() method. Lastly, you need to remove the item at index 2 from the list using the pop() method with an argument. Your task is to write down the content of list1 after these operations have been executed. For example, if you start with list1 = [6, 2, 1, 4, 0, 8, 5], the elements inside the list after the operations would be what you need to write down. | D64: ans = [6, 2, 1, 4, 0, 8, 5]
A65: 17416 | B65: Imagine you have a string of numbers separated by periods, like this: "12.65.23.1.65.2.8". Your task is to write a Python program that splits this string into individual items. After the program is executed, you should be able to list down the individual items that have been separated from the original string. For example, if your original string is "12.65.23.1.65.2.8", after executing the program, you should have a list of items like this: ["12","65","23","1",'65",'2",'8']. | D65: ans = ['12", '65", '23", '1", '65", '2", '8']
A66: 17417 | B66: Your task is to understand and predict the values of two variables, x and y, after a specific piece of code is executed. The code consists of two functions, m1 and m2. The function m1 initializes x with a value of 10 and y with a list of integers [1, 2, 3]. It then calls the function m2, passing x and y as arguments. The function m2 modifies the values of the arguments it receives. It changes the value of the number to 1001 and the first element of the list to -999. After the execution of this code, you need to determine the final values of x and y. Here's the code for your reference: def m1(): x = 10 y = [1, 2, 3] m2(x, y) def m2(number, numbers): number = 1001 numbers[0] = -999 m1() | D66: ansx = 10 ansy = [-999, 2, 3]
A67: 17418 | B67: Your task is to write a Python program that generates a list of numbers. The numbers in the list should all be multiples of 5 and should fall within the range of 0 to 100. You can refer to the section on List Comprehensions in your course notes to help you with this task. For instance, your list should start like this: [0, 5, 10, 15, 20, ...] and so on, up to 100. | D67: ans = [0, 5, 10, 15, 20, 25, 30, 35, 40, 45, 50, 55, 60, 65, 70, 75, 80, 85, 90, 95,100]
A68: 17420 | B68: Create a function called 'shiftRight()' that accepts a list as an input. The function should return the list with all its elements moved one position to the right. The last element of the list should become the first element after the shift. For example, if the input list is [1, 2, 3, 4], the output should be [4, 1, 2, 3]. | C68: '' def shiftRight(lst): temp = lst[len(lst)-1] # Retain the last element, temp is a dummy variable # Shift elements right print('hi", lst) for i in range(len(lst)-2, -1, -1): lst[i + 1] = lst[i] # Move the last element to fill in the first position lst[0] = temp return lst print('shiftright", shiftRight(list1)) '''
A69: 17421 | B69: A traditional telephone keypad assigns each of the digits 2 through 9 to a group of three letters. For instance, the digit 2 is associated with the letters A, B, and C, 3 with D, E, and F, and so on. This system allows us to convert phone numbers into words. Some companies use this method to create memorable phone numbers for their customers. For example, 1800-MEDICARE translates to 1800-63342273. Your task is to write a function named 'translate' that takes a string as input and translates all the letters within the string to their equivalent digits as described above. The function should be case insensitive and return the translated string. A hint to solve this problem is to use a list to store the associated digit for each of the 26 alphabets. | C69: ''' mapping = [2, 2, 2, 3, 3, 3, 4, 4, 4, 5, 5, 5, 6, 6, 6, 7, 7, 7, 7, 8, 8, 8, 9, 9, 9, 9] def translate(tele_str): translated_str = "" for c in tele_str: if c.isalpha(): translated_str += str(mapping[ord(c.upper()) - 65]) else: translated_str += c return translated_str '''
A70: 17422 | B70: Create a function named 'convert16Bit'. This function should take an integer as an input and convert it into a 16-bit binary number. It's safe to assume that the input integer will always be within the range that can be represented by 16 bits.

Sheet testcases
A1: tid | B1: pid | C1: input | D1: output
A2: 106586 | B2: 17312 | C2: result | D2: ans
A3: 106587 | B3: 17312 | C3: no_code | D3: False
A4: 106607 | B4: 17315 | C4: factorial(5) | D4: 120
A5: 106608 | B5: 17315 | C5: factorial(0) | D5: 1
A6: 106609 | B6: 17315 | C6: factorial(1) | D6: 1
A7: 106610 | B7: 17315 | C7: factorial(3) | D7: 6
A8: 106611 | B8: 17315 | C8: factorial(120) | D8: 6689502913449127057588118054090372586752746333138029810295671352301633557244962989366874165271984981308157637893214090552534408589408121859898481114389650005964960521256960000000000000000000000000000
A9: 106612 | B9: 17315 | C9: factorial(2) | D9: 2
A10: 106613 | B10: 17315 | C10: factorial(121) | D10: 809429852527344373968162284544935082997082306309701607045776233628497660426640521713391773997910182738287074185078904956856663439318382745047716214841147650721760223072092160000000000000000000000000000
A11: 106617 | B11: 17317 | C11: result | D11: ans
A12: 106618 | B12: 17317 | C12: no_code | D12: False
A13: 106619 | B13: 17318 | C13: x | D13: newx
... A315: 107005 | B315: 17390 | C315: stop_time(27) | D315: 111
A316: 107006 | B316: 17390 | C316: stop_time(factorial(120)) | D316: 976
A317: 107007 | B317: 17390 | C317: stop_time(81) | D317: 22
A318: 107008 | B318: 17390 | C318: stop_time(15) | D318: 17
A319: 107009 | B319: 17390 | C319: stop_time(665215) | D319: 441
A320: 107018 | B320: 17393 | C320: smallestNsq(50) | D320: 8
A321: 107019 | B321: 17393 | C321: smallestNsq(12000) | D321: 110
A322: 107020 | B322: 17393 | C322: smallestNsq(1) | D322: 2
A323: 107021 | B323: 17393 | C323: smallestNsq(10000) | D323: 101
A324: 107079 | B324: 17397 | C324: pattern(1) | D324: "1"
A325: 107080 | B325: 17397 | C325: pattern(2) | D325: "122"
A326: 107081 | B326: 17397 | C326: pattern(8) | D326: "122333444455555666666777777788888888"
A327: 107082 | B327: 17397 | C327: pattern(20) | D327: "122333444455555666666777777788888888999999999101010101010101010101111111111111111111111121212121212121212121212131313131313131313131313131414141414141414141414141414151515151515151515151515151515161616161616161616161616161616161717171717171717171717171717171717181818181818181818181818181818181818191919191919191919191919191919191919192020202020202020202020202020202020202020"
A328: 107089 | B328: 17400 | C328: triangle3(6) | D328: " 1\n 12\n 123\n 1234\n 12345\n123456"
... A343: 107202 | B343: 17422 | C343: convert16Bit(1256) | D343: "0000010011101000"

Sheet buggy_submissions
A1: sid | B1: pid | C1: code | D1: failing_testcases | E1: passing_testcases
A2: 1 | B2: 17311 | C2: """ store the final answer in a variable named result """ fahre = eval(input(enter the temperatur in fahrenheit)) result = ( fahre - 32 ) * 5 / 9 | D2: ['106584", '106585'] | E2: []
A3: 2 | B3: 17312 | C3: """ store the final answer in a variable named result """ name = input("Enter your name:") age = input("Enter your age:") str.(name) str.(age) result = "My friend " + name + " is " + age + " years old." print(result) | D3: ['106586", '106587'] | E3: []
A4: 3 | B4: 17312 | C4: """ store the final answer in a variable named result """ name = int(input("enter name:")) age = int(input("enter age:")) result = "My friend" + (name) + " is " + (age) + "years old." print(result) | D4: ['106586", '106587'] | E4: []
A5: 4 | B5: 17312 | C5: x=eval(input("Enter your age:")) y=str(input("Enter your name:")) result=("My friend",y,"is",x,"years old.") | D5: ['106586'] | E5: ['106587']
A6: 5 | B6: 17312 | C6: n = str(input("Enter your name:")) a = str(input("Enter your age:")) result = "My friend " + str(n) " is " + str(a) " years old." print(result) | D6: ['106586", '106587'] | E6: []
A7: 6 | B7: 17312 | C7: """ store your answer in a variable named result """ name=eval(input('enter your name')) age=eval(input('enter your age')) result=("My friend", name, "is", age "years old.") print(result) | D7: ['106586", '106587'] | E7: []
A8: 7 | B8: 17312 | C8: name = input("Enter your name: ") age = eval(input("Enter your age: ") result = "My friend "+name+" is "+age+" years old print(result) | D8: ['106586", '106587'] | E8: []
A9: 8 | B9: 17312 | C9: """ store your answer in a variable named result """ name = input() age = input() result = "My friend "+ name+" is "+age+" years old." | D9: ['106586", '106587'] | E9: []
A10: 9 | B10: 17313 | C10: """ store your answer in a variable named result """ a = input("hi") print(a) | D10: ['106588'] | E10: ['106589']
A11: 10 | B11: 17314 | C11: def count_substring(string): ans = 0 positionA = -1 for count in range(string.count('A')): positionA = string.find('A", positionA + 1) ans += string.count('X", positionA + 1) return ans | D11: ['106603", '106604", '106605", '106606'] | E11: ['106590", '106591", '106592", '106593", '106594", '106595", '106596", '106597", '106598", '106599", '106600", '106601", '106602']
A12: 11 | B12: 17314 | C12: def count_substring(string): lst = list(string) ans = 0 for i in range(len(lst)): if lst[i] == 'A': ans += lst[i:].count('X') if lst[i:].count('A') == 0: return ans return ans | D12: ['106601", '106603", '106604", '106605", '106606'] | E12: ['106590", '106591", '106592", '106593", '106594", '106595", '106596", '106597", '106598", '106599", '106600", '106602']
A13: 12 | B13: 17314 | C13: def count_substring(string): k = string.split("A") l = "" a = l.join(k) numA = len(string) - len(a) s = -1 ans = 0 while s > -(len(string)): if string[s] == "X": ans += numA elif string[s] == "A": numA -= 1 else: ans = ans s -= 1 return ans | D13: ['106606'] | E13: ['106590", '106591", '106592", '106593", '106594", '106595", '106596", '106597", '106598", '106599", '106600", '106601", '106602", '106603", '106604", '106605']
... A367: 366 | B367: 17422 | C367: def convert16Bit(decimal): ans = bin(decimal)[2:] res = ans.zfill(16) | D367: ['107200", '107201", '107202'] | E367: []

Sheet correct_submissions
A1: sid | B1: pid | C1: code
A2: 367 | B2: 17311 | C2: """ store the final answer in a variable named result """ number1 = eval(input("Enter a temperature in Fahreheit: ")) result = (number1-32)*5/9 print("The temperature in Celsius is", result)
A3: 368 | B3: 17311 | C3: """ store the final answer in a variable named result """ fah = float(input("enter temperature")) #T(C) = (T(F) - 32) 5/9 result = (fah - 32) * 5/9 print(result)
A4: 369 | B4: 17311 | C4: """ store the final answer in a variable named result """ result = (int(input(""))-32)*5/9
A5: 370 | B5: 17311 | C5: """ store the final answer in a variable named result """ Fah = eval(input("Enter Fahrenheit: ")) result = (Fah-32)*(5/9) print(result)
A6: 371 | B6: 17311 | C6: """ store the final answer in a variable named result """ fahrenheit = eval(input("Enter Temperature in Fahrenheit:")) celcius = (fahrenheit - 32) * 5 / 9 result = celcius print(result)
A7: 372 | B7: 17311 | C7: """ store the final answer in a variable named result """ T = int(input("Enter temperature in Fahreheit:")) result = (T-32)*(5/9) print(result)
A8: 373 | B8: 17311 | C8: F=float(input("")) result=(F - 32) * 5/9
A9: 374 | B9: 17311 | C9: """ store the final answer in a variable named result """ F=int(input("Enter temperature in Fahrenheit:")) result=(F-32)*(5/9) print(result)
A10: 375 | B10: 17311 | C10: """ store the final answer in a variable named result """ f = eval(input("Enter temperature in Fahrenheit:")) result = (f - 32) * (5/9) print(result)
A11: 376 | B11: 17311 | C11: """ store the final answer in a variable named result """ F=int(input("Temperature in Fahrenheit:")) C=(F-32)*5/9 result=C print(result)
A12: 377 | B12: 17311 | C12: """ store the final answer in a variable named result """ f=float(input("enter temperature")) result = (f-32)*5/9 print (result)
A13: 378 | B13: 17311 | C13: """ store the final answer in a variable named result """ x=eval(input("Enter temperature in Fahrenheit:")) result=(x-32)*(5/9) print(result)
... A5856: 6221 | B5856: 17422 | C5856: def convert16Bit(decimal): s = '{0:b}'.format(decimal).zfill(16) return s

Sheet gpt4_1
A1: pid | B1: sid | C1: student_code | D1: repaired_code | E1: feedback | F1: num_iteration | G1: isRepairSuccess | H1: # feedback | I1: # TP Valid | J1: # FP Extra | K1: # FP Invalid | L1: # FP Hallucinate | M1: # FN Missed
A2: 17311 | B2: 1 | C2: """ store the final answer in a variable named result """ fahre = eval(input(enter the temperatur in fahrenheit)) result = ( fahre - 32 ) * 5 / 9 | D2: """ store the final answer in a variable named result """ fahre = eval(input('enter the temperature in fahrenheit')) result = ( fahre - 32 ) * 5 / 9 | E2: [ { "line_number": "2", "feedback": "The input prompt should be a string. You forgot to put quotes around the prompt. Always remember to enclose your strings in quotes.", "category": "TP" }] | F2: 1 | G2: TRUE | H2: 1 | I2: 1
A3: 17312 | B3: 2 | C3: """ store the final answer in a variable named result """ name = input("Enter your name:") age = input("Enter your age:") str.(name) str.(age) result = "My friend " + name + " is " + age + " years old." print(result) | D3: """ store the final answer in a variable named result """ name = input("Enter your name:") age = input("Enter your age:") result = "My friend " + name + " is " + age + " years old." print(result) | E3: [ { "line_number": "4", "feedback": "You don't need to convert the 'name' and 'age' variables to string using 'str.' function. The 'input' function in Python always returns a string. So, you can directly use the 'name' and 'age' variables in the concatenation operation.", "category": "TP" } ] | F3: 1 | G3: TRUE | H3: 1 | I3: 1
A4: 17312 | B4: 3 | C4: """ store the final answer in a variable named result """ name = int(input("enter name:")) age = int(input("enter age:")) result = "My friend" + (name) + " is " + (age) + "years old." print(result) | D4: """ store the final answer in a variable named result """ name = input("enter name:") age = input("enter age:") result = "My friend " + name + " is " + age + " years old." print(result) | E4: [ { "line_number": "2", "feedback": "You should not convert the name input to an integer. The name is a string, not a number.", "category": "TP" }, { "line_number": "3", "feedback": "You do not need to convert the age input to an integer. Although age is a number, you are using it as a string in the final message.", "category": "TP" }, { "line_number": "4", "feedback": "You need to add spaces in your string to separate the words properly. Also, you do not need to put parentheses around the variables name and age.", "category": "TP" } ] | F4: 1 | G4: TRUE | H4: 3 | I4: 3
A5: 17312 | B5: 4 | C5: x=eval(input("Enter your age:")) y=str(input("Enter your name:")) result=("My friend",y,"is",x,"years old.") | D5: y = input("Enter your name:") x = eval(input("Enter your age:")) result = "My friend " + y + " is " + str(x) + " years old." | E5: [ { "line_number": "1", "feedback": "The order of input prompts should match with the order of inputs provided. In this case, name should be asked before age.", "category": "TP" }, { "line_number": "4", "feedback": "The result string should be a single string. You should use the "+" operator to concatenate strings instead of comma. Also, the age should be converted to string before concatenating.", "category": "TP" } ] | F5: 1 | G5: TRUE | H5: 2 | I5: 2
A6: 17312 | B6: 5 | C6: n = str(input("Enter your name:")) a = str(input("Enter your age:")) result = "My friend " + str(n) " is " + str(a) " years old." print(result) | D6: n = str(input("Enter your name:")) a = str(input("Enter your age:")) result = "My friend " + str(n) + " is " + str(a) + " years old." print(result) | E6: [ { "line_number": "3", "feedback": "You forgot to add the "+" operator to concatenate the strings. Remember, in Python, you need to use "+" to join strings together.", "category": "TP" }] | F6: 1 | G6: TRUE | H6: 1 | I6: 1
A7: 17312 | B7: 6 | C7: """ store your answer in a variable named result """ name=eval(input('enter your name')) age=eval(input('enter your age')) result=("My friend", name, "is", age "years old.") print(result) | D7: """ store your answer in a variable named result """ name=eval(input('enter your name')) age=eval(input('enter your age')) result="My friend " + name + " is " + str(age) + " years old." print(result) | E7: [ { "line_number": "4", "feedback": "You were trying to concatenate strings and integer which is not possible in python. Also, you were trying to store the result as a tuple instead of a string. You should convert the age to string and concatenate all the parts of the sentence to form a single string.", "category": "TP" }] | F7: 1 | G7: TRUE | H7: 1 | I7: 1
A8: 17312 | B8: 7 | C8: name = input("Enter your name: ") age = eval(input("Enter your age: ") result = "My friend "+name+" is "+age+" years old print(result) | D8: name = input("Enter your name: ") age = input("Enter your age: ") result = "My friend "+name+" is "+age+" years old." print(result) | E8: [ { "line_number": "2", "feedback": "You should use the input function to get the age as a string. The eval function is not necessary here.", "category": "TP" }, { "line_number": "3", "feedback": "You missed closing the double quotes at the end of the string. Always ensure to close any opened quotes.", "category": "TP" }, { "line_number": "3", "feedback": "You forgot to add a full-stop at the end of the string", "category": "FN" } ] | F8: 1 | G8: TRUE | H8: 2 | I8: 2 | M8: 1
A9: 17312 | B9: 8 | C9: """ store your answer in a variable named result """ name = input() age = input() result = "My friend "+ name+" is "+age+" years old." | D9: name = input() age = input() result = "My friend "+ name+" is "+age+" years old." print(result) | E9: [ { "line_number": "2", "feedback": "The input prompt should be a string. You forgot to put quotes around the prompt. Always remember to enclose your strings in quotes.", "category": "FP-E" }, { "line_number": "3", "feedback": "The input prompt should be a string. You forgot to put quotes around the prompt. Always remember to enclose your strings in quotes.", "category": "FP-E" }, { "line_number": "5", "feedback": "You need to print the result", "category": "FN" } ] | F9: 1 | G9: FALSE | H9: 2 | J9: 2 | M9: 1
A10: 17313 | B10: 9 | C10: """ store your answer in a variable named result """ a = input("hi") print(a) | D10: radius = float(input("Enter the radius of the cylinder: ")) height = float(input("Enter the height of the cylinder: ")) result = 3.14159 * radius ** 2 * height print(result) | E10: [ { "line_number": "1", "feedback": "You should prompt the user to input the radius of a cylinder, not just print "hi". Use the input function to get user input and convert it to a float.", "category": "TP" }, { "line_number": "2", "feedback": "You should also prompt the user to input the height of the cylinder. Again, use the input function and convert the input to a float.", "category": "TP" }, { "line_number": "3", "feedback": "You need to calculate the volume of the cylinder using the formula πr²h and store the result in a variable named "result".", "category": "TP" }, { "line_number": "4", "feedback": "Finally, you should print out the calculated volume, not the input radius.", "category": "TP" } ] | F10: 1 | G10: TRUE | H10: 4 | I10: 4
A11: 17314 | B11: 10 | C11: def count_substring(string): ans = 0 positionA = -1 for count in range(string.count('A')): positionA = string.find('A", positionA + 1) ans += string.count('X", positionA + 1) return ans | D11: def count_substring(string): ans = 0 positionA = -1 for count in range(string.count('A')): positionA = string.find('A", positionA + 1) ans += int(string[positionA + 1:].find('X') != -1) return ans | E11: [ { "line_number": "6", "feedback": "Instead of counting all the X characters from the position of A to the end of the string, you should check if there is an X character after A. This can be done by using the find method on the substring of the string that starts after A. If the find method returns -1, it means there is no X character after A, otherwise there is. You can convert this boolean to an integer and add it to ans.'", "category": "FP-I" }, { "line_number": "4", "feedback": "You are not correctly counting the substrings starting with 'A' and ending with 'X'. You need to count 'X's in the substring starting from 'A' until the end of the string, for each 'A' in the string. However, the count of 'X's should be cumulative for each 'A' found in the string. This can be done by iterating over the string in reverse order and for each 'X' found, increment a counter. For each 'A' found, add the current count of 'X's to the answer.", "category": "FN" }] | F11: 1 | G11: FALSE | H11: 1 | K11: 1 | M11: 1
A12: 17314 | B12: 11 | C12: def count_substring(string): lst = list(string) ans = 0 for i in range(len(lst)): if lst[i] == 'A': ans += lst[i:].count('X') if lst[i:].count('A') == 0: return ans return ans | D12: def count_substring(string): lst = list(string) ans = 0 for i in range(len(lst)): if lst[i] == 'A': ans += lst[i:].count('X') return ans | E12: [ { "line_number": "6", "feedback": "The condition to check if there are no more "A" in the remaining string is not necessary. The loop will naturally end when it has traversed the entire string. Removing this condition will not affect the logic of the program and will make it pass all the test cases.'", "category": "TP" }, { "line_number": "5", "feedback": "The logic of the code is incorrect. The count of 'X' after each 'A' is not the correct way to count the substrings that start with 'A' and end with 'X'. Instead, you should increment a counter every time you encounter an 'A", and for each 'X' you encounter, add the current count of 'A's to the answer. This is because each 'X' can pair with any 'A' that came before it to form a valid substring.", "category": "FN" } ] | F12: 1 | G12: FALSE | H12: 1 | I12: 1 | M12: 1
A13: 17314 | B13: 12 | C13: def count_substring(string): k = string.split("A") l = "" a = l.join(k) numA = len(string) - len(a) s = -1 ans = 0 while s > -(len(string)): if string[s] == "X": ans += numA elif string[s] == "A": numA -= 1 else: ans = ans s -= 1 return ans | D13: def count_substring(string): numA = 0 ans = 0 for s in string: if s == "A": numA += 1 elif s == "X": ans += numA return ans | E13: [ { "line_number": "2", "feedback": "You don't need to split the string. Instead, you can iterate over it directly.", "category": "FP-E" }, { "line_number": "3", "feedback": "The variable 'l' and the join operation are not necessary. You can count the number of 'A's directly in the loop.", "category": "FP-E" }, { "line_number": "5", "feedback": "You don't need to calculate the length of the string and subtract it from the length of 'a'. You can count the number of 'A's directly in the loop.", "category": "FP-E" }, { "line_number": "6", "feedback": "You don't need to use a while loop with a negative index. You can use a for loop to iterate over the string.", "category": "FP-E" }, { "line_number": "7", "feedback": "You don't need to check if the character is 'X' in the loop. Instead, you can increment the count of 'A's when you encounter an 'A' and add the count of 'A's to the answer when you encounter an 'X'.", "category": "TP" }, { "line_number": "9", "feedback": "You don't need to decrement the count of 'A's when you encounter an 'A'. Instead, you should increment the count of 'A's.", "category": "TP" }, { "line_number": "11", "feedback": "You don't need to assign 'ans' to itself. This line can be removed.", "category": "FP-E" } ] | F13: 1 | G13: TRUE | H13: 7 | I13: 2 | J13: 5
A14: 17314 | B14: 13 | C14: def count_substring(s): ans = 0 for i in range (0, len(s)): ca = 0 cx = 0 n = 0 if s[i] == 'A': ca = 1 if i == (len(s)-1): if s[i] == 'X': cx = 1 else: for x in s[i+1:len(s)]: if x == 'X': cx +=1 n = ca * cx ans += n return ans | D14: def count_substring(s): ans = 0 ca = 0 for i in range (0, len(s)): if s[i] == 'A': ca += 1 elif s[i] == 'X': ans += ca return ans | E14: [ { "line_number": "4", "feedback": "You don't need to initialize 'ca", 'cx", and 'n' inside the loop. Only 'ca' is required and it should be initialized before the loop."", "category": "TP" }, { "line_number": "6", "feedback": "The condition 'if i == (len(s)-1):' is not necessary. You should increment 'ca' each time you encounter 'A' and increment 'ans' by 'ca' each time you encounter 'X'."", "category": "TP" }, { "line_number": "8", "feedback": "The inner loop is not necessary. You can accomplish the task using only one loop."", "category": "TP" }, { "line_number": "9", "feedback": "You don't need to keep a count of 'X'. Instead, each time you encounter 'X", add the current count of 'A' to 'ans'."", "category": "TP" }, { "line_number": "12", "feedback": "The calculation of 'n' is not required. You can directly add 'ca' to 'ans' each time you encounter 'X'."", "category": "TP" } ] | F14: 1 | G14: TRUE | H14: 5 | I14: 5
A15: 17314 | B15: 14 | C15: def count_substring(string): numbera=0 count=0 for i in range(len(string)): if string[i]=="A": count+=1 if string[i]=="X": count+=1 | D15: def count_substring(string): numbera=0 count=0 for i in range(len(string)): if string[i]=="A": numbera+=1 if string[i]=="X": count+=numbera return count | E15: [ { "line_number": "2", "feedback": "Indentation is important in Python. The body of your function should be indented.'", "category": "FP-H" }, { "line_number": "5", "feedback": "You should increment the count of "A" when you encounter an "A", not the total count.'", "category": "TP" }, { "line_number": "7", "feedback": "When you encounter an "X", you should add the count of "A"s to the total count, not just increment it by one.'", "category": "TP" }, { "line_number": "8", "feedback": "Your function should return the count at the end.'", "category": "TP" } ] | F15: 1 | G15: TRUE | H15: 4 | I15: 3 | L15: 1
A16: 17314 | B16: 15 | C16: def count_substring(string): ans = 0 for i in range(len(string)): if string[i] == 'A': rightstr = string[i+1:] x = rightstr.count('X') ans = ans + x return ans | D16: def count_substring(string): ans = 0 for i in range(len(string)): if string[i] == 'A': rightstr = string[i+1:].split('A')[0] x = rightstr.count('X') ans = ans + x return ans | E16: [ { "line_number": "6", "feedback": "You are counting all the Xs after an A. But you should only count the Xs until the next A is found. You can use the split() function to get the substring from the current index to the next A.'", "category": "FP-I" }, { "line_number": "6", "feedback": "You are counting all the 'X's after each 'A'. However, you should consider that each 'A' starts a new substring. Therefore, you need to keep a count of 'A's and for each 'X' you find, add the current count of 'A's to the answer.", "category": "FN" }] | F16: 1 | G16: FALSE | H16: 1 | K16: 1 | M16: 1
A17: 17314 | B17: 16 | C17: def count_substring(string): count=0 for i in range(0,len(string)): n=i while n<len(string): if string[i]=='A' and string[n]=='X': count=count+1 n=n+1 else: count=count n=n+1 return count | D17: def count_substring(string): count = 0 for i in range(0, len(string)): if string[i] == 'A': for n in range(i+1, len(string)): if string[n] == 'X': count += 1 return count | E17: [ { "line_number": "5", "feedback": "You should only increment the count when you find a substring that starts with "A" and ends with "X". So, you should start your inner loop only when you find an "A".", "category": "FP-E" }, { "line_number": "7", "feedback": "The inner loop should start from the next character after "A", not from the same character.", "category": "FP-E" }, { "line_number": "9", "feedback": "You should increment the count and break the loop as soon as you find an "X", because you have found a valid substring. You do not need to continue checking the rest of the string.", "category": "FP-E" }, { "line_number": "15", "feedback": "You do not need the else statement here. If the condition in the if statement is not met, the loop will automatically continue to the next iteration.", "category": "FP-E" } ] | F17: 1 | G17: FALSE | H17: 4 | J17: 4 | M17: 1
A18: 17315 | B18: 17 | C18: def factorial(n): ans = 0 for ans in range(0, n+1, 1) ans = n * ans return ans | D18: def factorial(n): ans = 1 for i in range(1, n+1): ans *= i return ans | E18: [ { "line_number": "2", "feedback": "You should initialize "ans" to 1, not 0. Because anything multiplied by 0 is 0, your function will always return 0.'", "category": "TP" }, { "line_number": "3", "feedback": "You should iterate from 1 to n (inclusive), not from 0 to n. Also, you need to include a colon at the end of the for loop.'", "category": "TP" }, { "line_number": "4", "feedback": "You should multiply "ans" by the current number "i", not "n". Also, use the "*=" operator to update the value of "ans".'", "category": "TP" } ] | F18: 1 | G18: TRUE | H18: 3 | I18: 3
A19: 17315 | B19: 18 | C19: def factorial(n): ans=1 while n>0: ans*=n n-1 return ans | D19: def factorial(n): ans=1 for i in range(1, n+1): ans*=i return ans | E19: [ { "line_number": "3", "feedback": "You should use a for loop as per the problem statement, not a while loop. Also, you forgot to update the value of n in the loop. It should be n = n - 1, not just n-1.'", "category": "TP" }, { "line_number": "4", "feedback": "In your loop, you should multiply ans by i, where i ranges from 1 to n. This is because the factorial of a number is the product of all positive integers up to that number.'", "category": "TP" } ] | F19: 1 | G19: TRUE | H19: 2 | I19: 2
A20: 17315 | B20: 19 | C20: def factorial(n): a = 0 while n != 1: if n % 2 == 0: n = n // 2 else: n = (3 * n) + 1 a += 1 return a | D20: def factorial(n): result = 1 for i in range(1, n+1): result *= i return result | E20: [ { "line_number": "2", "feedback": "You should initialize your result variable to 1, not 0. Because you are calculating a product, starting with 0 will always result in 0.'", "category": "TP" }, { "line_number": "3", "feedback": "You should be using a for loop to calculate the factorial, not a while loop. The while loop you have written is calculating something else.'", "category": "TP" }, { "line_number": "4", "feedback": "Your logic for updating the variable n is incorrect. You should be decrementing n by 1 each time, not dividing by 2 or multiplying by 3.'", "category": "TP" }, { "line_number": "6", "feedback": "You should be multiplying your result variable by i each time through the loop, not adding 1 to it.'", "category": "TP" }, { "line_number": "7", "feedback": "You should be returning your result variable, not a.'", "category": "TP" } ] | F20: 1 | G20: TRUE | H20: 5 | I20: 5
A21: 17315 | B21: 20 | C21: def factorial(n): if n < 0: ans = "Invalid Input! " elif n == 0: ans = 1 else: for i in range(1, n + 1): ans *= i return ans | D21: def factorial(n): ans = 1 if n < 0: ans = "Invalid Input! " elif n == 0: ans = 1 else: for i in range(1, n + 1): ans *= i return ans | E21: [ { "line_number": "2", "feedback": "You forgot to initialize the variable "ans". It should be initialized to 1 before the loop starts. This is because the variable "ans" is used in the loop for multiplication, and any number multiplied by 1 remains the same. If "ans" is not initialized and you try to use it in the loop, it will cause an error because "ans" would not have a value yet.'", "category": "TP" } ] | F21: 1 | G21: TRUE | H21: 1 | I21: 1
A22: 17315 | B22: 21 | C22: def factorial(n): if n==0: ans=1 else: a=1 while a<n+1: ans=1 ans=ans*a a+=1 return ans | D22: def factorial(n): ans = 1 for a in range(1, n+1): ans = ans * a return ans | E22: [ { "line_number": "3", "feedback": "You don't need to check if n==0. The for loop will handle it correctly."", "category": "FP-H" }, { "line_number": "5", "feedback": "You should use a 'for' loop as per the problem statement, not a 'while' loop."", "category": "TP" }, { "line_number": "7", "feedback": "You're resetting ans to 1 in every iteration of the loop. You should initialize ans to 1 before the loop starts."", "category": "TP" }, { "line_number": "8", "feedback": "In the loop, you should multiply the current value of ans by a, not set ans equal to a."", "category": "TP" } ] | F22: 1 | G22: TRUE | H22: 4 | I22: 3 | L22: 1
A23: 17316 | B23: 22 | C23: """ store your answer in a variable named result """ """ store your answer in a variable named result """ digit = eval(input("Enter int: ")) ones = digit % 10 tens = (digit // 10) % 10 hundred = (digit // 100) % 10 result = ones + tens print(sum) | D23: """ store your answer in a variable named result """ digit = eval(input("Enter int: ")) ones = digit % 10 tens = (digit // 10) % 10 hundreds = (digit // 100) % 10 result = ones + tens + hundreds print(result) | E23: [ { "line_number": "6", "feedback": "You have made a typo in the variable name. It should be "hundreds" instead of "hundred".'", "category": "FP-E" }, { "line_number": "7", "feedback": "You need to add the hundreds place digit to the result as well. So, it should be "result = ones + tens + hundreds".'", "category": "TP" }, { "line_number": "8", "feedback": "You should print the variable "result" instead of the function "sum".'", "category": "TP" } ] | F23: 1 | G23: TRUE | H23: 3 | I23: 2 | J23: 1
A24: 17316 | B24: 23 | C24: """ store your answer in a variable named result """ | D24: num = input("Enter a number in range [0,999]: ") num = int(num) result = 0 while num > 0: digit = num % 10 result += digit num = num // 10 print("The sum of the digits is", result) | E24: [ { "line_number": "1", "feedback": "You need to start by prompting the user to input an integer within the range of 0 to 999. You can use the input function for this.'", "category": "TP" }, { "line_number": "2", "feedback": "You need to convert the input to an integer using the int function.'", "category": "TP" }, { "line_number": "3", "feedback": "You need to initialize a variable named result to store the sum of the digits.'", "category": "TP" }, { "line_number": "4", "feedback": "You need to use a while loop to keep extracting and adding the digits of the number until the number becomes 0.'", "category": "TP" }, { "line_number": "5", "feedback": "You can use the modulus operator (%) to extract the last digit of the number.'", "category": "TP" }, { "line_number": "6", "feedback": "You need to add the extracted digit to the result.'", "category": "TP" }, { "line_number": "7", "feedback": "You can use the floor division operator (//) to remove the last digit from the number.'", "category": "TP" }, { "line_number": "8", "feedback": "Finally, you need to print the result.'", "category": "TP" } ] | F24: 1 | G24: TRUE | H24: 8 | I24: 8
A25: 17316 | B25: 24 | C25: integer = str(input("Enter an integer range [0,999]: ")) result = str[0] + str[1] + str[2] print(result) | D25: integer = int(input("Enter an integer range [0,999]: ")) result = integer // 100 + (integer % 100) // 10 + integer % 10 print("The sum of the digits is", result) | E25: [ { "line_number": "1", "feedback": "You should convert the input to integer instead of string, as we are dealing with numbers here.'", "category": "TP" }, { "line_number": "2", "feedback": "You are trying to access elements of string "str" which is incorrect. You should be using the variable "integer". Also, you need to extract the digits from the number using "%" and "//" operators and then add them.'", "category": "TP" }, { "line_number": "3", "feedback": "The print statement should display a proper message along with the result.'", "category": "FP-E" } ] | F25: 1 | G25: TRUE | H25: 3 | I25: 2 | J25: 1
A26: 17316 | B26: 25 | C26: """ store your answer in a variable named result """ ans = result % 10 result = result /10 ans += result % 10 result = result /10 ans += result | D26: result = int(input()) ans = result % 10 result = result // 10 ans += result % 10 result = result // 10 ans += result | E26: [ { "line_number": "1", "feedback": "You forgot to take the user\'s input. You should assign the input to the variable \'result\' before performing operations on it.'", "category": "TP" }, { "line_number": "2", "feedback": "You should use \'//\' for integer division instead of \'/\'. The \'//\' operator performs floor division which returns the largest possible integer.'", "category": "TP" }, { "line_number": "4", "feedback": "You should use \'//\' for integer division instead of \'/\'. The \'//\' operator performs floor division which returns the largest possible integer.'", "category": "TP" }, { "line_number": "6", "feedback": "You should assign the final sum 'ans' back to 'result' as per the problem statement.", "category": "FN" } ] | F26: 1 | G26: FALSE | H26: 3 | I26: 3 | M26: 1
A27: 17317 | B27: 26 | C27: """ store the final answer in a variable named result """ integar = int(input("Enter an integar:")) result = integar%2 print(result == 0) | D27: """ store the final answer in a variable named result """ integar = int(input("Enter an integar:")) result = integar%2 == 0 print(result) | E27: [ { "line_number": "3", "feedback": "The result variable should store whether the number is even or not. So, you should assign the comparison (integar%2 == 0) to the result variable, not just the remainder of the division.'", "category": "TP" }] | F27: 1 | G27: TRUE | H27: 1 | I27: 1
A28: 17318 | B28: 27 | C28: x=1 y=2 x,y=y,x | D28: x, y = y, x | E28: [ { "line_number": "1", "feedback": "You do not need to reassign the values of x and y. They are already defined in the prefix.'", "category": "TP" }, { "line_number": "2", "feedback": "You do not need to reassign the values of x and y. They are already defined in the prefix.'", "category": "TP" } ] | F28: 1 | G28: TRUE | H28: 2 | I28: 2
A29: 17318 | B29: 28 | C29: x="newy" y="newx" x,y=x,y print(x) print(y) | D29: x, y = y, x print(x) print(y) | E29: [ { "line_number": "1", "feedback": "You were on the right track, but you made a mistake when trying to swap the values of x and y. You don't need to assign new strings to x and y before swapping their values. You can directly swap the values using the syntax "x, y = y, x". This will assign the value of y to x and the value of x to y.'", "category": "TP" }, { "line_number": "2", "feedback": "The print statements are correct. They will print the swapped values of x and y.'", "category": "FP-E" } ] | F29: 1 | G29: TRUE | H29: 2 | I29: 1 | J29: 1
A30: 17318 | B30: 29 | C30: x = 5 y = 9 x, y = y , x newx = x newy = y | D30: x, y = y , x | E30: [ { "line_number": "1", "feedback": "You have correctly used the tuple unpacking feature of Python to swap the values of x and y. However, you are reassigning the values of x and y at the beginning of your code, which is not necessary and is causing your code to fail. The values of x and y are already provided in the prefix. You should remove the first two lines of your code.'", "category": "TP" }, { "line_number": "3", "feedback": "The variables newx and newy are not needed in this case. The swapping of values should be reflected in the original variables x and y. You should remove these lines.'", "category": "TP" } ] | F30: 1 | G30: TRUE | H30: 2 | I30: 2
A31: 17318 | B31: 30 | C31: x, y = 2*y, x | D31: x, y = y, x | E31: [ { "line_number": "1", "feedback": "You were on the right track with using tuple unpacking to swap the values of x and y. However, you multiplied y by 2 in your code, which is not needed. Simply assign x to y and y to x to swap their values.'", "category": "TP" }] | F31: 1 | G31: TRUE | H31: 1 | I31: 1
A32: 17319 | B32: 31 | C32: a = b = c = d = e = | D32: a = 3 * 6 == 6.0 * 3.0 b = 2 > 5 or (1 < 2 and 9 >= 11) c = 3 > 4 or (2 < 3 and 9 > 10) d = not (11 % 3 == 2) e = "2" + "3" == "23" | E32: [ { "line_number": "1", "feedback": "You need to assign the expressions to the variables. The expressions should be on the right side of the assignment operator (=).'", "category": "TP" }, { "line_number": "2", "feedback": "You need to assign the expressions to the variables. The expressions should be on the right side of the assignment operator (=).'", "category": "TP" }, { "line_number": "3", "feedback": "You need to assign the expressions to the variables. The expressions should be on the right side of the assignment operator (=).'", "category": "TP" }, { "line_number": "4", "feedback": "You need to assign the expressions to the variables. The expressions should be on the right side of the assignment operator (=).'", "category": "TP" }, { "line_number": "5", "feedback": "You need to assign the expressions to the variables. The expressions should be on the right side of the assignment operator (=).'", "category": "TP" } ] | F32: 1 | G32: TRUE | H32: 5 | I32: 5
A33: 17320 | B33: 32 | C33: result =((3+4x)/5)-((10y-5)(a+b+c)/x)+9((4/x)+((9+x)/y)) | D33: result = ((3 + 4 * x) / 5) - (10 * (y - 5) * (a + b + c) / x) + 9 * ((4 / x) + ((9 + x) / y)) | E33: [ { "line_number": "1", "feedback": "You should use * for multiplication operation in Python. Also, you should use parentheses to correctly specify the order of operations. For example, in the expression 10 * (y - 5) * (a + b + c) / x, parentheses are used to ensure that (y - 5) and (a + b + c) are evaluated first, then multiplied by 10, and finally divided by x.'", "category": "TP" }] | F33: 1 | G33: TRUE | H33: 1 | I33: 1
A34: 17320 | B34: 33 | C34: result = ( " ( ( 3 + 4x ) / 5 ) - ( ( 10 * ( y - 5 ) * ( a + b + c ) ) / x ) + ( 9 * ( ( 4 / x ) + ( ( 9 + x ) / y ) ) ) " ) | D34: result = (3 + 4 * x) / 5 - (10 * (y - 5) * (a + b + c)) / x + 9 * ((4 / x) + ((9 + x) / y)) | E34: [ { "line_number": "1", "feedback": "You were trying to compute a mathematical expression as a string. In Python, mathematical operations such as addition, subtraction, multiplication, and division can be performed directly on numbers and variables. Also, remember to use * for multiplication in Python.'", "category": "TP" } ] | F34: 1 | G34: TRUE | H34: 1 | I34: 1
A35: 17322 | B35: 34 | C35: def chineseZodiac(year): if year % 12 == 0 zodiacYear == monkey if year % 12 == 1 zodiacYear == rooster if year % 12 == 2 zodiacYear == dog if year % 12 == 3 zodiacYear == pig if year % 12 == 4 zodiacYear == rat if year % 12 == 5 zodiacYear == ox if year % 12 == 6 zodiacYear == tiger if year % 12 == 7 zodiacYear == rabbit if year % 12 == 8 zodiacYear == dragon if year % 12 == 9 zodiacYear == snake if year % 12 == 10 zodiacYear == horse if year % 12 == 11 zodiacYear == sheep return zodiacYear | D35: def chineseZodiac(year): if year % 12 == 0: zodiacYear = "monkey" elif year % 12 == 1: zodiacYear = "rooster" elif year % 12 == 2: zodiacYear = "dog" elif year % 12 == 3: zodiacYear = "pig" elif year % 12 == 4: zodiacYear = "rat" elif year % 12 == 5: zodiacYear = "ox" elif year % 12 == 6: zodiacYear = "tiger" elif year % 12 == 7: zodiacYear = "rabbit" elif year % 12 == 8: zodiacYear = "dragon" elif year % 12 == 9: zodiacYear = "snake" elif year % 12 == 10: zodiacYear = "horse" elif year % 12 == 11: zodiacYear = "sheep" return zodiacYear | E35: [ { "line_number": "2", "feedback": "You forgot to put a colon at the end of the if statement. In Python, you need to end the if statement with a colon.'", "category": "TP" }, { "line_number": "3", "feedback": "You used the equality operator (==) instead of the assignment operator (=). You should use the assignment operator when you want to assign a value to a variable.'", "category": "TP" }, { "line_number": "3", "feedback": "You forgot to put quotes around the string. In Python, strings need to be enclosed in quotes.'", "category": "TP" }, { "line_number": "4", "feedback": "You should use "elif" instead of "if" for the subsequent conditions. This is because once a condition is met in an "if-elif" structure, Python will stop checking the rest of the conditions.'", "category": "TP" } ] | F35: 1 | G35: TRUE | H35: 4 | I35: 4
A36: 17323 | B36: 35 | C36: def smaller(num1, num2): #write your code below result = num1 return result#do not edit. This should be the last line | D36: def smaller(num1, num2): #write your code below if num1 < num2: result = num1 else: result = num2 return result#do not edit. This should be the last line | E36: [ { "line_number": "3", "feedback": "You're on the right track, but you're missing a key part of the problem. You need to compare num1 and num2 to determine which one is smaller. You can do this with an if-else statement. If num1 is less than num2, then result should be num1. Otherwise, result should be num2."", "category": "TP" }] | F36: 1 | G36: TRUE | H36: 1 | I36: 1
A37: 17323 | B37: 36 | C37: def smaller(num1, num2): #write your code below if num1<num2 result=num1 else result=num2 return result#do not edit. This should be the last line | D37: def smaller(num1, num2): #write your code below if num1<num2: result=num1 else: result=num2 return result#do not edit. This should be the last line | E37: [ { "line_number": "3", "feedback": "You forgot to put a colon at the end of the if condition. In Python, the syntax for if condition requires a colon at the end.'", "category": "TP" }, { "line_number": "5", "feedback": "Indentation is very important in Python. The code inside the if and else blocks should be indented.'", "category": "TP" }, { "line_number": "7", "feedback": "Indentation is very important in Python. The code inside the if and else blocks should be indented.'", "category": "TP" }, { "line_number": "7", "feedback": "You need to add a colon (:) at the end of the else statement.", , "category": "FN" } ] | F37: 1 | G37: TRUE | H37: 3 | I37: 3 | M37: 1
A38: 17324 | B38: 37 | C38: def leapYear(year): #write your code below if year % 400 == 0 : isLeapYear = True else: isLeapYear = False return isLeapYear | D38: def leapYear(year): #write your code below if year % 400 == 0 or (year % 4 == 0 and year % 100 != 0): isLeapYear = True else: isLeapYear = False return isLeapYear | E38: [ { "line_number": "3", "feedback": "You have correctly checked if the year is divisible by 400 to determine if it is a leap year. However, you also need to check if the year is divisible by 4 and not by 100, or if it is divisible by 400. This can be done using the logical operators "and" and "or".'", "category": "TP" }] | F38: 1 | G38: TRUE | H38: 1 | I38: 1
A39: 17324 | B39: 38 | C39: def leapYear(year): #write your code below if year % 4 == 0 and year %100 != 0 or year % 400 == 0: isLeapYear="True" else: isLeapYear="False" return isLeapYear return isLeapYear | D39: def leapYear(year): #write your code below if year % 4 == 0 and year %100 != 0 or year % 400 == 0: isLeapYear=True else: isLeapYear=False return isLeapYear | E39: [ { "line_number": "4", "feedback": "The variable 'isLeapYear' should be a boolean, not a string. So, instead of assigning 'True' or 'False' as strings, assign them as boolean values without", "category": "TP" quotes." }, { "line_number": "7", "feedback": "The variable 'isLeapYear' should be a boolean, not a string. So, instead of assigning 'True' or 'False' as strings, assign them as boolean values without quotes."", "category": "TP" }, { "line_number": "10", "feedback": "The second 'return isLeapYear' statement is unnecessary and unreachable. It should be removed."", "category": "TP" } ] | F39: 1 | G39: TRUE | H39: 3 | I39: 3
A40: 17325 | B40: 39 | C40: def triangle(s1, s2, s3): if s1==s2 or s1==s3 or s2==s3: triangleType="Isosceles" elif s1==s2==s3: triangleType="Equilateral" elif s1>=s2+s3 or s2>=s3+s1 or s3>=s2+s1: triangleType="Not a triangle" else: triangleType="Scalene" return triangleType | D40: def triangle(s1, s2, s3): if s1>=s2+s3 or s2>=s3+s1 or s3>=s1+s2: triangleType="Not a triangle" elif s1==s2==s3: triangleType="Equilateral" elif s1==s2 or s1==s3 or s2==s3: triangleType="Isosceles" else: triangleType="Scalene" return triangleType | E40: [ { "line_number": "2", "feedback": "The check for "Not a triangle" should be the first condition. If any side is longer or equal to the sum of the other two sides, it's not a triangle, regardless of whether any sides are equal.'", "category": "TP" }, { "line_number": "3", "feedback": "The check for "Equilateral" triangle should be before "Isosceles". If all sides are equal, it's an equilateral triangle, not an isosceles.'", "category": "TP" } ] | F40: 1 | G40: TRUE | H40: 2 | I40: 2
A41: 17326 | B41: 40 | C41: def gradientOfLine(x1, y1, x2, y2): #add your code below return gradientType | D41: def gradientOfLine(x1, y1, x2, y2): #add your code below gradient = (y2-y1)/(x2-x1) if gradient > 0: gradientType = "Positive" else: gradientType = "Negative" return gradientType | E41: [ { "line_number": "2", "feedback": "You need to calculate the gradient of the line using the formula (y2-y1)/(x2-x1).'", "category": "TP" }, { "line_number": "3", "feedback": "You need to check if the gradient is positive or negative and assign the value to gradientType accordingly.'", "category": "TP" } ] | F41: 1 | G41: TRUE | H41: 2 | I41: 2
A42: 17327 | B42: 41 | C42: import math def pointInCircle(x, y): if math.sqrt(x**2+y**2)>10: return False else: return Truedef pointInCircle(x, y): #write your code below return inCircle | D42: def pointInCircle(x, y): if math.sqrt(x**2+y**2)>10: return False else: return True | E42: [ { "line_number": "6", "feedback": "There seems to be a typo in your code. Instead of "Truedef", it should be "True". Also, the function pointInCircle is defined twice, which is unnecessary. Make sure to remove the second definition.'", "category": "TP" }, { "line_number": "8", "feedback": "The variable "inCircle" is not defined in your function. You should return the result directly from the condition check.'", "category": "TP" } ] | F42: 1 | G42: TRUE | H42: 2 | I42: 2
A43: 17329 | B43: 42 | C43: def decimal(b): pos=0 while(b>0): ans += (b%10)*2**pos b //= 10 pos += 1 return ans | D43: def decimal(b): ans = 0 pos = 0 while(b>0): ans += (b%10)*2**pos b //= 10 pos += 1 return ans | E43: [ { "line_number": "2", "feedback": "You forgot to initialize the variable "ans". Always remember to initialize your variables before using them.'", "category": "TP" }, { "line_number": "3", "feedback": "The input is a string, but you are treating it as an integer. You need to convert the string to an integer before performing mathematical operations on it.'", "category": "FP-H" }, { "line_number": "3", "feedback": "The input is in binary format, but you are treating it as a decimal. You need to convert the binary number to a decimal.'", "category": "FP-I" } ] | F43: 1 | G43: TRUE | H43: 3 | I43: 1 | K43: 1 | L43: 1
A44: 17329 | B44: 43 | C44: def decimal(b): ans = int(b) return ans | D44: def decimal(b): ans = 0 for digit in b: ans = ans*2 + int(digit) return ans | E44: [ { "line_number": "2", "feedback": "You're not allowed to use the built-in 'int' function to convert the entire binary string to a decimal number. Instead, you need to iterate over each digit in the binary string, multiply the current total by 2 (since binary is base 2), and then add the current digit (which should be 0 or 1)."", "category": "TP" }, { "line_number": "2", "feedback": "Convert the integer variable b to string by using 'b=str(b)'", "category": "FN" } ] | F44: 1 | G44: FALSE | H44: 1 | I44: 1 | M44: 1
A45: 17329 | B45: 44 | C45: def decimal(n): ans = 0 while n > 0: ans += (n%10) n //= 10 ans *= 10 print(ans) ans //= 10 return ans | D45: def decimal(n): ans = 0 power = 0 while n > 0: ans += (n%10) * (2**power) n //= 10 power += 1 return ans | E45: [ { "line_number": "4", "feedback": "You are not correctly converting the binary number to decimal. Remember that each digit in a binary number represents 2 to the power of its position, starting from 0. So you should multiply the digit by 2 raised to the power of its position.'", "category": "TP" }, { "line_number": "6", "feedback": "You should not multiply the answer by 10 after adding the value of the current digit. This is causing your function to return incorrect results.'", "category": "TP" }, { "line_number": "7", "feedback": "You should not print the answer inside the while loop. This is not part of the requirements and can cause confusion when debugging.'", "category": "FP-E" }, { "line_number": "8", "feedback": "You should not divide the answer by 10 after the while loop. This is causing your function to return incorrect results.'", "category": "TP" } ] | F45: 1 | G45: TRUE | H45: 4 | I45: 3 | J45: 1
A46: 17329 | B46: 45 | C46: def decimal(b): ans=0 pos=0 if b>=11: ans+=1 else: ans=ans while b>0: b//=10 pos+=1 if b%10==1: ans=ans+(2**pos) else: ans+=0 return ans | D46: def decimal(b): b = str(b) ans=0 pos=0 for digit in reversed(b): if digit == '1': ans += 2**pos pos += 1 return ans | E46: [ { "line_number": "3", "feedback": "The input is a binary number, so it should be treated as a string. Convert the input to string first.", "category": "FP-H" }, { "line_number": "5", "feedback": "The initial condition is not necessary and does not contribute to the final result. Remove it.", "category": "TP" }, { "line_number": "7", "feedback": "The while loop is not the correct approach here. Instead, iterate over the reversed binary string.", "category": "FP-E" }, { "line_number": "9", "feedback": "The condition inside the loop is not correct. You should check if the current digit is 1, not if the remaining number is odd.", "category": "FP-I" }, { "line_number": "10", "feedback": "The calculation of the decimal value is incorrect. It should be 2 to the power of the position if the digit is 1.", "category": "TP" }, { "line_number": "14", "feedback": "The else clause is not necessary and does not contribute to the final result. Remove it.", "category": "FP-E" } ] | F46: 1 | G46: TRUE | H46: 6 | I46: 2 | J46: 2 | K46: 1 | L46: 1
A47: 17329 | B47: 46 | C47: def decimal(b): ans = '{0: b}'.format(b) return ans | D47: def decimal(b): ans = 0 b = str(b) for i in range(len(b)): ans += int(b[i]) * (2 ** (len(b) - 1 - i)) return ans | E47: [ { "line_number": "2", "feedback": "The built-in format function is not the correct way to convert a binary number to a decimal. Instead, you should iterate through each digit in the binary number, multiply it by 2 raised to the power of its position (counting from right to left and starting from 0), and add all these values together. This is how binary to decimal conversion works."", "category": "TP" } ] | F47: 1 | G47: TRUE | H47: 1 | I47: 1
A48: 17330 | B48: 47 | C48: def fibo(n): ans=1 for count in range(3,n+1): ans=ans+count return ans | D48: def fibo(n): a, b = 1, 1 for count in range(2, n): a, b = b, a + b return b | E48: [ { "line_number": "2", "feedback": "The Fibonacci sequence is not calculated correctly. The nth term is the sum of the (n-1)th term and the (n-2)th term, not the sum of the current term and its index. You should use two variables to hold the (n-1)th term and the (n-2)th term, and update them in each iteration.'", "category": "TP" }, { "line_number": "3", "feedback": "The range of the loop should start from 2, not 3, because the first two terms of the Fibonacci sequence are predefined as 1.'", "category": "TP" }, { "line_number": "4", "feedback": "The value of "ans" should be the sum of the last two terms in the sequence, not the sum of "ans" and the current index.'", "category": "TP" } ] | F48: 1 | G48: TRUE | H48: 3 | I48: 3
A49: 17330 | B49: 48 | C49: def fibo(n): count = 0 a = 1 b = 1 while count<=n-1: a, b = b, a+b count += 1 return b pass | D49: def fibo(n): count = 1 a = 1 b = 1 while count<n: a, b = b, a+b count += 1 return a | E49: [ { "line_number": "2", "feedback": "The count variable should start from 1 because in Fibonacci sequence, the first and second terms are already defined as 1.'", "category": "TP" }, { "line_number": "5", "feedback": "The loop should run until count is less than n, not less than or equal to n. This is because you have already defined the first two terms of the sequence.'", "category": "FP-H" }, { "line_number": "8", "feedback": "You should return a instead of b. This is because after the last iteration of the loop, you have already moved to the next term in the sequence.'", "category": "TP" } ] | F49: 1 | G49: TRUE | H49: 3 | I49: 2 | L49: 1
A50: 17330 | B50: 49 | C50: def fibo(n): a , b = 1 , 1 i = 1 while i < n: a,b = b , a + b i += 1 if n % 2 == 0: return b else: return a | D50: def fibo(n): a , b = 1 , 1 i = 2 while i < n: a,b = b , a + b i += 1 return b | E50: [ { "line_number": "3", "feedback": "The initialization of i should start from 2, because the first two terms of the Fibonacci sequence are already defined as 1.'", "category": "TP" }, { "line_number": "7", "feedback": "The if-else condition to return a or b based on whether n is even or odd is not necessary. The nth term of the Fibonacci sequence is not dependent on whether n is even or odd. You should always return b which is the nth term after the while loop.'", "category": "TP" } ] | F50: 1 | G50: TRUE | H50: 2 | I50: 2
A51: 17330 | B51: 50 | C51: def fibo(n): a = 0 b = 1 m=n for i in range(1,m+1): n = a + b a = b b = n i+=1 return n | D51: def fibo(n): a = 0 b = 1 for i in range(1,n+1): n = a + b a = b b = n return a | E51: [ { "line_number": "3", "feedback": "You do not need to assign n to m. You can directly use n in the range function.'", "category": "FP-E" }, { "line_number": "7", "feedback": "You do not need to increment i manually in a for loop. Python does it automatically.'", "category": "TP" }, { "line_number": "8", "feedback": "You should return a instead of n. The variable a holds the nth term of the Fibonacci sequence.'", "category": "TP" } ] | F51: 1 | G51: TRUE | H51: 3 | I51: 2 | J51: 1
A52: 17330 | B52: 51 | C52: def fibo(n): if n == 1 or n == 2: return 1 | D52: def fibo(n): if n == 1 or n == 2: return 1 else: return fibo(n-1) + fibo(n-2) | E52: [ { "line_number": "4", "feedback": "You have correctly implemented the base case for the Fibonacci sequence where the first and second terms are 1. However, you have not implemented the recursive case where the nth term is the sum of the (n-1)th term and the (n-2)th term. You can do this by adding an else clause that returns the sum of the function called on (n-1) and (n-2).'", "category": "TP" }] | F52: 1 | G52: FALSE | H52: 1 | I52: 1 | M52: 1
A53: 17330 | B53: 52 | C53: def fibo(n): a=0 b=1 for x in range (n-1): a,b=b,a+b return a | D53: def fibo(n): a=1 b=1 for x in range (n-1): a,b=b,a+b return a | E53: [ { "line_number": "2", "feedback": "The Fibonacci sequence starts with the first two terms as 1. So, you should initialize both a and b as 1, not 0 and 1.'", "category": "TP" }] | F53: 1 | G53: TRUE | H53: 1 | I53: 1
A54: 17330 | B54: 53 | C54: import math def fibo(n): return ((1+sqrt(5))**n-(1-sqrt(5))**n)/(2**n*sqrt(5)) pass | D54: def fibo(n): a, b = 0, 1 for _ in range(n): a, b = b, a + b return a | E54: [ { "line_number": "3", "feedback": "The formula you're using to calculate the Fibonacci sequence is not accurate for large numbers. It's better to compute the Fibonacci sequence iteratively. You can do this by initializing two variables, a and b, to 0 and 1 respectively. Then, for each number in the range up to n, update a and b to be b and a + b respectively. Finally, return a, which will be the nth term in the Fibonacci sequence."", "category": "TP" } ] | F54: 1 | G54: TRUE | H54: 1 | I54: 1
A55: 17330 | B55: 54 | C55: def fibo(n): if n == 0: return 0 elif n == 1: return 1 else: return fibo(n-1) + fibo(n-2) | D55: def fibo(n): if n == 1 or n == 2: return 1 else: return fibo(n-1) + fibo(n-2) | E55: [ { "line_number": "2", "feedback": "The base case for the Fibonacci sequence is incorrect. The Fibonacci sequence starts with 1 and 1, not 0 and 1. So, when n is 1 or 2, the function should return 1, not 0 or 1.'", "category": "FP-I" }] | F55: 1 | G55: FALSE | H55: 1 | K55: 1 | M55: 1
A56: 17330 | B56: 55 | C56: def fibo(n): x = 1 for lol in range(1, n+1): x += x return x | D56: def fibo(n): a, b = 1, 1 for i in range(2, n): a, b = b, a + b return b | E56: [ { "line_number": "2", "feedback": "The Fibonacci sequence starts with two 1s. So, you should initialize two variables, say a and b, to 1.'", "category": "TP" }, { "line_number": "3", "feedback": "Your loop should start from 2 because the first two terms of the Fibonacci sequence are already defined. Also, the loop should run until n, not n+1.'", "category": "TP" }, { "line_number": "4", "feedback": "In each iteration, you should update a and b such that a becomes b and b becomes the sum of the old a and b. This is because each term in the Fibonacci sequence is the sum of the previous two terms.'", "category": "TP" }, { "line_number": "5", "feedback": "You should return b, not x, because b is the variable that holds the nth term of the Fibonacci sequence.'", "category": "TP" } ] | F56: 1 | G56: TRUE | H56: 4 | I56: 4
A57: 17330 | B57: 56 | C57: def fibo(n): a = 0 b = 1 if n == 1: ans = 1 else: while n > 0: ans = a + b n -= 1 a = b b = ans return ans | D57: def fibo(n): a = 0 b = 1 if n == 1 or n == 2: ans = 1 else: for _ in range(2, n): ans = a + b a = b b = ans return ans | E57: [ { "line_number": "4", "feedback": "The Fibonacci sequence starts with two 1s, so if n is 1 or 2, the answer should be 1.'", "category": "TP" }, { "line_number": "7", "feedback": "You should use a for loop instead of a while loop. The loop should start from 2 because the first two terms are already defined, and it should go up to n (not included), because we want to compute the nth term.'", "category": "FP-E" } ] | F57: 1 | G57: FALSE | H57: 2 | I57: 1 | J57: 1 | M57: 1
A58: 17330 | B58: 57 | C58: from math import sqrt def fibo(n): a,b = 0,1 for i in range(n) a,b = b,a+b return a | D58: def fibo(n): a,b = 0,1 for i in range(n): a,b = b,a+b return a | E58: [ { "line_number": "4", "feedback": "You forgot to put a colon at the end of the for loop. In Python, the syntax of the for loop is "for variable in iterable:", so you need to put a colon at the end.'", "category": "TP" }] | F58: 1 | G58: TRUE | H58: 1 | I58: 1
A59: 17330 | B59: 58 | C59: def fibo(n): ans=((1+5**(1/2))**n-(1-5**(1/2))**n)/(2**n*5**(1/2) return ans pass | D59: def fibo(n): if n<=0: return "Input should be a positive integer" elif n==1: return 1 elif n==2: return 1 else: a,b = 1,1 for i in range(n-2): a,b = b,a+b return b | E59: [ { "line_number": "2", "feedback": "The formula you used to calculate the Fibonacci sequence is incorrect. The Fibonacci sequence is defined as the sum of the two preceding ones, starting from 0 and 1. You should use a loop to calculate the nth term.'", "category": "TP" }, { "line_number": "3", "feedback": "The return statement is not necessary here. The function will end and return the result once it has finished executing the loop.'", "category": "FP-E" }, { "line_number": "4", "feedback": "The pass statement is not necessary here. It is used when a statement is required syntactically, but you do not want any command or code to execute.'", "category": "FP-E" } ] | F59: 1 | G59: TRUE | H59: 3 | I59: 1 | J59: 2
A60: 17330 | B60: 59 | C60: def fibo(n): pass | D60: def fibo(n): if n <= 0: return "Input should be a positive integer" elif n == 1: return 1 elif n == 2: return 1 else: a, b = 1, 1 for i in range(2, n): a, b = b, a + b return b | E60: [ { "line_number": "2", "feedback": "The function is currently not doing anything. You need to implement the logic to calculate the nth term of the Fibonacci sequence. Remember, the nth term is the sum of the (n-1)th term and the (n-2)th term.'", "category": "TP" } ] | F60: 1 | G60: TRUE | H60: 1 | I60: 1 | M60: 1
A61: 17330 | B61: 60 | C61: def fibo(n): a = 1 b = 0 x = 0 while x<n: a, b = a+b, a x += 1 return a | D61: def fibo(n): a = 1 b = 1 x = 2 while x<n: a, b = a+b, a x += 1 return a | E61: [ { "line_number": "2", "feedback": "The initial value of a should be 1 as the first term of the Fibonacci sequence is 1.'", "category": "FP-H" }, { "line_number": "3", "feedback": "The initial value of b should be 1 as the second term of the Fibonacci sequence is 1.'", "category": "TP" }, { "line_number": "4", "feedback": "The initial value of x should be 2 as we have already defined the first two terms of the Fibonacci sequence.'", "category": "TP" } ] | F61: 1 | G61: TRUE | H61: 3 | I61: 2 | L61: 1
A62: 17330 | B62: 61 | C62: def fibo(n): a = 1 green = 0 red = 0 blue = 1 while a < n: magenta = red + blue green += magenta red = blue blue = magenta a += 1 ans = green if ans == 0: ans = 1 return ans | D62: def fibo(n): a = 1 red = 1 blue = 1 while a < n: magenta = red + blue red = blue blue = magenta a += 1 return red | E62: [ { "line_number": "3", "feedback": "The initial values of "red" and "blue" should both be 1. The Fibonacci sequence starts with two 1s.'", "category": "TP" }, { "line_number": "7", "feedback": "You do not need to keep track of the sum of all Fibonacci numbers. You only need the last two numbers in the sequence to calculate the next number.'", "category": "FP-I" }, { "line_number": "10", "feedback": "The answer should be the last number generated in the Fibonacci sequence, which is stored in the "red" variable. There is no need to check if it is zero, because it will never be zero in a Fibonacci sequence.'", "category": "TP" } ] | F62: 1 | G62: TRUE | H62: 3 | I62: 2 | K62: 1
A63: 17330 | B63: 62 | C63: def fibo(n): if n==1 or n==2: return 1 return fibo(n-1)+fibo(n-2) | D63: def fibo(n): fib = [0, 1, 1] + [0]*(n-2) for i in range(3, n+1): fib[i] = fib[i-1] + fib[i-2] return fib[n] | E63: [ { "line_number": "4", "feedback": "Your recursive approach is correct for calculating Fibonacci numbers, but it is not efficient for larger numbers as it results in a large number of redundant calculations. Consider using a dynamic programming approach where you store the Fibonacci numbers as you calculate them and reuse them when needed, instead of recalculating them.", "category": "TP" }] | F63: 1 | G63: TRUE | H63: 1 | I63: 1
A64: 17331 | B64: 63 | C64: def reverse_number(n): num = 0 while n > 0: digit = n % 10 n //= 10 num = (num + digit) * 10 return num | D64: def reverse_number(n): num = 0 while n > 0: digit = n % 10 n //= 10 num = num * 10 + digit return num | E64: [ { "line_number": "6", "feedback": "You have a small mistake in the calculation of the reversed number. You should first multiply the current reversed number by 10 and then add the digit, not the other way around.", "category": "TP" }] | F64: 1 | G64: TRUE | H64: 1 | I64: 1
A65: 17331 | B65: 64 | C65: def palindrome_count(a, b): number = a count = 0 while number != b: if number == reverse_number(number) and reverse_number(number) <= b and reverse_number(number) >= a: count += 1 number += 1 else: number += 1 return number | D65: def reverse_number(n): reversed_number = 0 while n > 0: remainder = n % 10 reversed_number = (reversed_number * 10) + remainder n = n // 10 return reversed_number | E65: [ { "line_number": "1", "feedback": "The function name and parameters do not match the problem description. The function should be named "reverse_number" and should take a single parameter.", "category": "TP" }, { "line_number": "2", "feedback": "The logic of your code is incorrect. You are trying to count the number of palindrome numbers between two given numbers, while the problem asks to reverse the digits of a given number.", "category": "TP" }, { "line_number": "3", "feedback": "The "while" loop and the "if" condition inside it are not needed for this problem. You need to use a "while" loop to continuously divide the given number by 10 and add the remainder to the reversed number.", "category": "TP" }, { "line_number": "8", "feedback": "The return statement is incorrect. You should return the reversed number, not the original number.", "category": "TP" } ] | F65: 1 | G65: TRUE | H65: 4 | I65: 4
A66: 17331 | B66: 65 | C66: def reverse_number(n): y=n x=0 while y>0: y//10 x+=1 while n>0: z=n%10 n//10 ans+=z*(10**x) z-=1 return ans | D66: def reverse_number(n): y = n x = 0 ans = 0 while y > 0: y = y // 10 x += 1 while n > 0: z = n % 10 n = n // 10 x -= 1 ans += z * (10 ** x) return ans | E66: [ { "line_number": "2", "feedback": "You have defined the variable "y" but you did not update its value inside the loop. Remember to update the value of "y" in each iteration by using the assignment operator "=".", "category": "TP" }, { "line_number": "6", "feedback": "You have defined the variable "ans" but you did not initialize it before using it. Always remember to initialize your variables before using them.", "category": "TP" }, { "line_number": "9", "feedback": "You have defined the variable "n" but you did not update its value inside the loop. Remember to update the value of "n" in each iteration by using the assignment operator "=".", "category": "TP" }, { "line_number": "11", "feedback": "You are decreasing the value of "z" instead of "x". You should decrease the value of "x" in each iteration to correctly calculate the reversed number.", "category": "TP" } ] | F66: 1 | G66: TRUE | H66: 4 | I66: 4
A67: 17331 | B67: 66 | C67: def reverse_number(n): digits = 0 count = 0 ans = 0 main = 0 while n//(10**digits) > 1: digits += 1 while digits >= 1: main = n//(10**(digits-1)) ans = ans + main*(10**count) n = n%(10**(digits-1)) count += 1 digits -= 1 if digits-1 == 0: main = n%(10**(digits)) ans = ans + main*(10**(count)) return ans | D67: def reverse_number(n): digits = 0 ans = 0 while n//(10**digits) >= 1: digits += 1 while digits >= 1: main = n//(10**(digits-1)) ans = ans + main*(10**(digits-1)) n = n%(10**(digits-1)) digits -= 1 return ans | E67: [ { "line_number": "5", "feedback": "The condition in the first while loop should be "n//(10**digits) >= 1" instead of "n//(10**digits) > 1". This is because we want to include the case where the result of the division is 1.'", "category": "TP" }, { "line_number": "9", "feedback": "The calculation of "ans" is incorrect. It should be "ans = ans + main*(10**(digits-1))" instead of "ans = ans + main*(10**count)". We want to multiply "main" by 10 raised to the power of "digits-1", not "count".'", "category": "TP" }, { "line_number": "14", "feedback": "The if condition and the code inside it is unnecessary and should be removed. The while loop will handle all the digits of the number, including the last one.'", "category": "TP" } ] | F67: 1 | G67: FALSE | H67: 3 | I67: 3 | M67: 1
A68: 17331 | B68: 67 | C68: def reverse_number(n): rev = 0 while(num > 0): rev = (10*rev)+num%10 num //= 10 return rev | D68: def reverse_number(n): rev = 0 while(n > 0): rev = (10*rev)+n%10 n //= 10 return rev | E68: [ { "line_number": "3", "feedback": "You should use the variable "n" in the while loop condition and inside the loop, not "num". "num" is not defined in your function, so this will cause a NameError.", "category": "TP" } ] | F68: 1 | G68: TRUE | H68: 1 | I68: 1
A69: 17332 | B69: 68 | C69: def palindrome_count(a, b): count = 0 for i in range(a, b + 1): if reverse_number(i) == reverse_number(i)[::-1]: count += 1 return count | D69: def palindrome_count(a, b): count = 0 for i in range(a, b + 1): if i == reverse_number(i): count += 1 return count | E69: [ { "line_number": "4", "feedback": "You do not need to reverse the number twice. The function reverse_number already gives you the reversed number. So, you just need to compare the original number with its reversed version.", "category": "TP" }] | F69: 1 | G69: TRUE | H69: 1 | I69: 1
A70: 17332 | B70: 69 | C70: def palindrome_count(a, b): ans = 0 for i in range(a,b+1): forwards = i backwards = reverse_number(i) if (forwards == backwards): ans += 1 return ans | D70: def palindrome_count(a, b): ans = 0 for i in range(a,b+1): forwards = i backwards = reverse_number(i) if (forwards == backwards): ans += 1 return ans | E70: [ { "line_number": "5", "feedback": "The if condition to check if the number and its reverse are equal is not properly indented. It should be inside the for loop.", "category": "TP" } ] | F70: 1 | G70: TRUE | H70: 1 | I70: 1
A71: 17332 | B71: 70 | C71: def palindrome_count(a, b): ans = 0 for A in range(a, b+1): i = 0 x = str(A) y = str(reverse_number(A)) for B in range(len(x)): if x[B] == y[B]: i += 1 else: break if i == len(x): ans += 1 return ans pass | D71: def palindrome_count(a, b): ans = 0 for A in range(a, b+1): x = str(A) y = str(reverse_number(A)) if x == y: ans += 1 return ans | E71: [ { "line_number": "7", "feedback": "You don't need to compare each digit of the number and its reverse individually. You can directly compare the strings. If they are equal, then the number is a palindrome."", "category": "TP" }, { "line_number": "8", "feedback": "The 'else: break' statement is not needed. If the strings are not equal, the loop will automatically move to the next number."", "category": "FP-I" }, { "line_number": "10", "feedback": "The check 'if i == len(x):' is not needed. You can directly increment 'ans' if the number is a palindrome."", "category": "FP-I" }, { "line_number": "12", "feedback": "The 'pass' statement is not needed. It is used when a statement is required syntactically, but you do not want any command or code to execute."", "category": "FP-E" } ] | F71: 1 | G71: FALSE | H71: 4 | I71: 1 | J71: 1 | K71: 2 | M71: 1
A72: 17332 | B72: 71 | C72: def palindrome_count(a, b): y = 0 for x in range(a, b + 1): if x == reverse_number(x): y += 1 continue | D72: def palindrome_count(a, b): y = 0 for x in range(a, b + 1): if x == reverse_number(x): y += 1 return y | E72: [ { "line_number": "1", "feedback": "Your function definition needs to have parameters. In this case, the base and height of the triangle are required to calculate the area. So, your function definition should be "def area(base, height):".", "category": "TP" }, { "line_number": "3", "feedback": "Your function does not return anything. It should return the area of the triangle, which is calculated by the formula "0.5 * base * height". So, the return statement should be "return 0.5 * base * height".", "category": "TP" } ] | F72: 1 | G72: TRUE | H72: 2 | I72: 2
A73: 17337 | B73: 72 | C73: def area(?): """Returns area of the triangle using the formula area= 1/2 * base * height""" pass | D73: def area(base, height): """Returns area of the triangle using the formula area= 1/2 * base * height""" return 0.5 * base * height | E73: [ { "line_number": "2", "feedback": "You need to define the parameters that your function will take. In this case, it should be the lengths of the two sides of the triangle (A and B) and the angle between them (AB).", "category": "TP" }, { "line_number": "7", "feedback": "Your function does not currently do anything. You need to implement the calculation of the area using the formula provided.", "category": "TP" }, { "line_number": "1", "feedback": "You need to import the sin and radians functions from the math module to calculate the sine of the angle.", "category": "TP" } ] | F73: 1 | G73: TRUE | H73: 3 | I73: 3
A74: 17338 | B74: 73 | C74: def area2(?): """ Returns area of the triangle using the formula area= 1/2 * A * B * sin(AB). """ pass ########### ## Q2b ## ########### # Both functions area2 and area calculate the same result. # Can they be directly substituted for each other? Why? """ Write your answer within these triple quotes """ | D74: from math import sin, radians def area2(A, B, AB): """ Returns area of the triangle using the formula area= 1/2 * A * B * sin(AB). """ return 0.5 * A * B * sin(radians(AB)) | E74: [ { "line_number": "2", "feedback": "You need to define the parameters that your function will take. In this case, it should be the lengths of the two sides of the triangle (A and B) and the angle between them (AB).'", "category": "TP" }, { "line_number": "7", "feedback": "Your function does not currently do anything. You need to implement the calculation of the area using the formula provided.'", "category": "TP" }, { "line_number": "1", "feedback": "You need to import the sin and radians functions from the math module to calculate the sine of the angle.'", "category": "TP" } ] | F74: 1 | G74: FALSE | H74: 3 | I74: 3
A75: 17339 | B75: 74 | C75: import math def area3(a,b,c): area=herons_fomula(a,b,c) return area | D75: import math def area3(a,b,c): s = (a + b + c) / 2 area = math.sqrt(s * (s - a) * (s - b) * (s - c)) return area | E75: [ { "line_number": "4", "feedback": "You've tried to call a function named 'herons_fomula' which is not defined anywhere. You are supposed to calculate the area using Heron's formula directly in the 'area3' function. The semi-perimeter 's' is calculated as (a+b+c)/2. Then, the area is calculated as sqrt[s*(s - a)*(s - b)*(s - c)].", "category": "TP" } ] | F75: 1 | G75: TRUE | H75: 1 | I75: 1
A76: 17344 | B76: 75 | C76: x = 0 ans = 0 for count in range(1337): ans += x x = x + 1 print(ans) # Your loop here | D76: x = 1 ans = 0 for count in range(1337): ans += x x = x + 1 print(ans) | E76: [ { "line_number": "1", "feedback": "The initial value of x should be 1, not 0, as the problem statement asks for the sum of the first 1337 natural numbers, and natural numbers start from 1, not 0.", "category": "TP" }] | F76: 1 | G76: TRUE | H76: 1 | I76: 1
A77: 17344 | B77: 76 | C77: ans = 0 x = 0 for x in range(1337): x += x + 1 ans = x | D77: ans = 0 for x in range(1, 1338): ans += x | E77: [ { "line_number": "3", "feedback": "You are not using the loop variable correctly. In each iteration, you should add the loop variable to the `ans` variable, not increment the loop variable itself.", "category": "TP" }, { "line_number": "4", "feedback": "You should not assign the value of `x` to `ans` after the loop. The sum of the numbers should be accumulated in `ans` during the loop execution.", "category": "TP" }, { "line_number": "3", "feedback": "The range function in Python is exclusive of the stop value. So, to include 1337 in the sum, you should use `range(1, 1338)`, not `range(1337)`.", "category": "TP" } ] | F77: 1 | G77: TRUE | H77: 3 | I77: 3
A78: 17344 | B78: 77 | C78: for v in range(1, 1338): ans=0 ans += v print(ans) # Your loop here | D78: ans = 0 for v in range(1, 1338): ans += v | E78: [ { "line_number": "2", "feedback": "The initialization of the variable "ans" should be outside the for loop. Otherwise, it will be reset to zero in every iteration of the loop, and you will not get the correct sum.", "category": "TP" }, { "line_number": "4", "feedback": "The print statement is not necessary for the task and it should be removed. The task only requires you to store the sum in the variable "ans".", "category": "FP-E" } ] | F78: 1 | G78: TRUE | H78: 2 | I78: 1 | J78: 1
A79: 17345 | B79: 78 | C79: def mystery(): z = 1 i = 0 while i<=1000: mystery(i) if z == i: print(false) break else: print(true) i += i + 1 # | D79: def find_mystery(): z = 1 while z<=1000: if not mystery(z): print(z) break z += 1 | E79: [ { "line_number": "2", "feedback": "The function mystery() is already defined in the prefix. You should define a new function to find the value of Z.'", "category": "TP" }, { "line_number": "4", "feedback": "The variable i is not needed. You should use z in the while loop.'", "category": "FP-E" }, { "line_number": "5", "feedback": "You should check if mystery(z) returns False, not if z equals i.'", "category": "TP" }, { "line_number": "6", "feedback": "You should print z, not false.'", "category": "FP-I" }, { "line_number": "8", "feedback": "You should print nothing when mystery(z) returns True.'", "category": "FP-E" }, { "line_number": "10", "feedback": "You should increment z by 1, not i by i + 1.'", "category": "FP-E" }, { "line_number": "5", "feedback": "You should check if mystery(z) returns False, not if z equals i.", "category": "FN" }, { "line_number": "6", "feedback": "Instead of printing z, you should return z when mystery(z) returns False.", "category": "FN" }] | F79: 1 | G79: FALSE | H79: 6 | I79: 2 | J79: 3 | L79: 1 | M79: 2
A80: 17345 | B80: 79 | C80: z = 1 ans = True i = 1# Your loop here while ans == True: if z != i: z += 1 i += 1 else: ans = False | D80: z = 1 while mystery(z): z += 1 | E80: [ { "line_number": "3", "feedback": "The loop condition should be checking the result of the mystery function, not the value of "ans".", "category": "TP" }, { "line_number": "4", "feedback": "The if condition is not needed. We just need to increment z in each iteration.", "category": "TP" }, { "line_number": "5", "feedback": "The increment of "i" is not needed. The variable "i" is not used in the code.", "category": "TP" }, { "line_number": "7", "feedback": "The setting of "ans" to False is not needed. The loop will exit when the mystery function returns False.", "category": "TP" } ] | F80: 1 | G80: TRUE | H80: 4 | I80: 4
A81: 17345 | B81: 80 | C81: z = 1 # Your loop here while z <= 1000: if not (z == mystery(z)): break else: z += 1 continue | D81: z = 1 # Your loop here while z <= 1000: if not mystery(z): break else: z += 1 continue | E81: [ { "line_number": "5", "feedback": "You are comparing the value of z with the return value of the function mystery(z), which is not correct. You should check the return value of the function mystery(z). If it returns False, break the loop. So, the condition should be "if not mystery(z):".", "category": "TP" }] | F81: 1 | G81: TRUE | H81: 1 | I81: 1
A82: 17345 | B82: 81 | C82: def determine(z): z = 1 while z<=1000: if z==mystery(Z): z=z+1 return z else: z=z+1 | D82: def determine(): z = 1 while z<=1000: if not mystery(z): return z else: z=z+1 | E82: [ { "line_number": "2", "feedback": "The function determine does not need any parameter. Remove z from the function definition.", "category": "TP" }, { "line_number": "5", "feedback": "You need to check if mystery(z) is False, not if z equals mystery(z). Change the if condition to "if not mystery(z):".", "category": "TP" }, { "line_number": "6", "feedback": "You should return the value of z when mystery(z) is False. So, remove the increment operation from this line.", "category": "TP" } ] | F82: 1 | G82: FALSE | H82: 3 | I82: 3 | M82: 1
A83: 17346 | B83: 82 | C83: len(myList) min(myList) max(myList) sum(myList) | D83: print(len(myList)) print(min(myList)) print(max(myList)) print(sum(myList)) | E83: [ { "line_number": "1", "feedback": "You have correctly used the functions to get the length, minimum, maximum and sum of the list. However, you are not storing or printing the results of these functions. Therefore, even though the functions are being called, their results are not being used or displayed anywhere. You can use the print function to display the results.", "category": "TP" }] | F83: 1 | G83: FALSE | H83: 1 | I83: 1 | M83: 1
A84: 17347 | B84: 83 | C84: # r represent length from center of pentagon to vertex. Do not change the name. # You may change the value of r for testing purposes import math r = 5.5 s = 2 * r * (math.sin * (math.pi/5)) a = (3 * 3 ** 0.5) / 2 * s ** 2 b = format(a, ".2f") result = b | D84: import math r = 5.5 s = 2 * r * math.sin(math.pi/5) a = ((3 * math.sqrt(3))/2) * s ** 2 b = format(a, ".2f") result = b | E84: [ { "line_number": "5", "feedback": "You forgot to call the sin function. It should be math.sin(math.pi/5) instead of math.sin * (math.pi/5).", "category": "TP" }, { "line_number": "6", "feedback": "The formula to calculate the area of a regular pentagon is incorrect. It should be ((3 * math.sqrt(3))/2) * s ** 2 instead of (3 * 3 ** 0.5) / 2 * s ** 2.", "category": "TP" } ] | F84: 1 | G84: TRUE | H84: 2 | I84: 2
A85: 17348 | B85: 84 | C85: import math n = eval(input("")) s = eval(input("")) result = format((n*s**2)/(4*math.tan(math.pi/5)),".4f") print(result) | D85: import math n = 5 s = 6.5 result = format((n*s**2)/(4*math.tan(math.pi/n)),".4f") print(result) | E85: [ { "line_number": "2", "feedback": "You do not need to take input for the values of n and s. They are already given in the problem statement as 5 and 6.5 respectively.", "category": "TP" }, { "line_number": "3", "feedback": "Same as above, you do not need to take input for the values of n and s. They are already given in the problem statement as 5 and 6.5 respectively.", "category": "TP" } ] | F85: 1 | G85: TRUE | H85: 2 | I85: 2
A86: 17348 | B86: 85 | C86: import math n = eval(input("Enter n: ")) s = eval(input("Enter s: ")) x = (n*s**2)/(4*math.tan(math.pi/5)) result = format(x, ".4f") print(result) | D86: import math n = 5 s = 6.5 x = (n*s**2)/(4*math.tan(math.pi/n)) result = format(x, ".4f") print(result) | E86: [ { "line_number": "2", "feedback": "You should not take inputs for n and s. The problem statement clearly mentions that n is 5 and s is 6.5.", "category": "TP" }, { "line_number": "3", "feedback": "Same as above. You should not take inputs for n and s. The problem statement clearly mentions that n is 5 and s is 6.5.", "category": "TP" } ] | F86: 1 | G86: TRUE | H86: 2 | I86: 2
A87: 17348 | B87: 86 | C87: pi=3.1415926 n=eval("The number of sides: ") s=eval("The length of each side is: ") n=5 s=6.5 def area(n,s):#Calculate area of regular polygon area=(n*s*s)/(4*tan("pi"/5)) return area result=format(area,".4f") print(result) | D87: import math n=5 s=6.5 def area(n,s):#Calculate area of regular polygon area=(n*s*s)/(4*math.tan(math.pi/n)) return area result=format(area(n, s),".4f") print(result) | E87: [ { "line_number": "2", "feedback": "The eval function is not needed here, you can directly assign the values to n and s.", "category": "TP" }, { "line_number": "3", "feedback": "The eval function is not needed here, you can directly assign the values to n and s.", "category": "TP" }, { "line_number": "4", "feedback": "The eval function is not needed here, you can directly assign the values to n and s.", "category": "FP-H" }, { "line_number": "5", "feedback": "The eval function is not needed here, you can directly assign the values to n and s.", "category": "FP-H" }, { "line_number": "6", "feedback": "You need to import the math module to use the tan function and also the pi constant. Replace "pi" with math.pi and "tan" with math.tan.", "category": "TP" }, { "line_number": "8", "feedback": "You need to call the area function with parameters n and s. Replace "area" with "area(n, s)".", "category": "TP" } ] | F87: 1 | G87: TRUE | H87: 6 | I87: 4 | L87: 2
A88: 17349 | B88: 87 | C88: import random result = ch(random.randint(65,90)) | D88: import random result = chr(random.randint(65,90)) | E88: [ { "line_number": "3", "feedback": "You were close! You need to use the chr() function to convert a random integer between 65 and 90 to a character, not ch().", "category": "TP" }] | F88: 1 | G88: TRUE | H88: 1 | I88: 1
A89: 17349 | B89: 88 | C89: math = None from math import * result = 0 | D89: import random result = chr(random.randint(65, 91)) | E89: [ { "line_number": "1", "feedback": "You don\'t need to import the entire math module, instead you should import the random module which is used to generate random numbers.", "category": "TP" }, { "line_number": "2", "feedback": "The variable result should store a randomly generated uppercase letter, not a number. You can use the random.randint function to generate a random number between 65 and 90 (inclusive), which are the ASCII values for uppercase letters, and then use the chr function to convert these ASCII values to their corresponding characters.", "category": "TP" } ] | F89: 1 | G89: TRUE | H89: 2 | I89: 2
A90: 17349 | B90: 89 | C90: import random x = random.randrange(60,65) result = chr(x) | D90: import random x = random.randrange(65,91) result = chr(x) | E90: [ { "line_number": "2", "feedback": "The range of ASCII values for uppercase letters is from 65 to 90. So, you should generate a random number between 65 and 91, not between 60 and 65.", "category": "TP" }] | F90: 1 | G90: TRUE | H90: 1 | I90: 1
A91: 17350 | B91: 90 | C91: import random result = chr(random.randrange(97,122))+ chr(random.randrange(25,60))+chr(random.randrange(97,122))+chr(random.randrange(97,122))+chr(random.randrange(97,122)) | D91: import random result = chr(random.randrange(97,123))+ chr(random.randrange(97,123))+chr(random.randrange(97,123))+chr(random.randrange(97,123))+chr(random.randrange(97,123)) | E91: [ { "line_number": "2", "feedback": "In the second character generation, you have used a wrong range (25,60). This range does not correspond to lowercase letters in ASCII. You should use the same range as the other characters (97,123) to generate a random lowercase letter.", "category": "TP" }] | F91: 1 | G91: TRUE | H91: 1 | I91: 1 | M91: 1
A92: 17351 | B92: 91 | C92: import random result = chr(random.randint(65,90)) + chr(random.randint(65,90)) + str(random.randint(0,9)) + str(random.randint(0,9)) + chr(random.randint(0,9)) + chr(random.randint(97,122)) print(result) | D92: import random result = chr(random.randint(65,90)) + chr(random.randint(65,90)) + str(random.randint(0,9)) + str(random.randint(0,9)) + str(random.randint(0,9)) + chr(random.randint(97,122)) print(result) | E92: [ { "line_number": "2", "feedback": "You have used chr() function with random.randint(0,9) which is incorrect as chr() function is used to convert ASCII values to characters. For generating random numbers, you should use str() function with random.randint(0,9).", "category": "TP" }] | F92: 1 | G92: TRUE | H92: 1 | I92: 1
A93: 17351 | B93: 92 | C93: import random result = "" N = "" for count in range(2): result += chr(random.randint(65,90)) for count in range(3): N = (random.randint(0,9)) N = str(N) result += N for count in range(2): result ++ chr(random.randint(97,122)) | D93: import random result = "" N = "" for count in range(2): result += chr(random.randint(65,90)) for count in range(3): N = (random.randint(0,9)) N = str(N) result += N for count in range(1): result += chr(random.randint(97,122)) | E93: [ { "line_number": "10", "feedback": "You have a syntax error in this line. The increment operator in python is "+=", not "++". Also, you only need to add one lowercase letter at the end, so the range should be 1, not 2.", "category": "TP" } ] | F93: 1 | G93: TRUE | H93: 1 | I93: 1
A94: 17351 | B94: 93 | C94: result = "NN3e5a" | D94: import random import string result = ''.join(random.choice(string.ascii_uppercase) for _ in range(2)) result += ''.join(random.choice(string.digits) for _ in range(3)) result += random.choice(string.ascii_lowercase) | E94: [ { "line_number": "1", "feedback": "The task requires you to generate a random string, but your code is not doing that. You need to use the random.choice function to select random characters and digits. Also, you need to use the string module to get the uppercase and lowercase letters and digits.", "category": "TP" }] | F94: 1 | G94: TRUE | H94: 1 | I94: 1
A95: 17352 | B95: 94 | C95: b = ""He " c = "said," d = "'This " e = "is " f = "nested\annoying'" h = ""Steve" i = "recalled." s = b + c + d + e + f + h + i print(s) | D95: s = "He said, 'This is nested\\annoying", Steve recalled." print(s) | E95: [ { "line_number": "1", "feedback": "You are trying to concatenate multiple strings to form the final string, which is not wrong, but it makes the code unnecessarily complex. You can directly assign the whole string to the variable "s". Remember to use double backslashes to escape a backslash.", "category": "FP-E" }, { "line_number": "2", "feedback": "You have used double quotes to enclose the string, which is correct. But you have not escaped the inner double quotes and single quotes. Use a backslash before the inner quotes to escape them.", "category": "TP" } ] | F95: 1 | G95: FALSE | H95: 2 | I95: 1 | J95: 1 | M95: 2
A96: 17352 | B96: 95 | C96: s = '\"He said,\'This is nested\\annoying\'\",Steve recalled.' | D96: s = "He said, 'This is nested\\annoying", Steve recalled." | E96: [ { "line_number": "1", "feedback": "You were close, but you made a small mistake. You don't need to escape the double quotes at the start and end of the string. Also, there should be a space after the comma before "Steve recalled".", "category": "TP" }] | F96: 1 | G96: FALSE | H96: 1 | I96: 1
A97: 17352 | B97: 96 | C97: s = "\"He said, \'This is nested\\annoying\'", | D97: s = "He said, 'This is nested\\annoying", Steve recalled." | E97: [ { "line_number": "1", "feedback": "You were on the right track with using escape characters, but there were a few mistakes. Firstly, you don't need to escape the double quotes at the start and end of the string. Secondly, you had an extra comma at the end of the string. Lastly, you forgot to include 'Steve recalled.' in the string. The correct code is: s = \"He said, 'This is nested\\\\annoying", Steve recalled.\"", "category": "TP" } ] | F97: 1 | G97: FALSE | H97: 1 | I97: 1
A98: 17352 | B98: 97 | C98: s1 = """ \ """ s1 = s1.strip(" ") s2 = "\"He said,\'" s3 = "\"This is nested"+s1+"annoying\'" s3 = s3.lstrip(""" " """) s4 = "\", Steve recalled.\"" s4 = s4.rstrip(""" " """) s = s2 + s3 + s4 | D98: s = "He said, 'This is nested\\annoying", Steve recalled." | E98: [ { "line_number": "1", "feedback": "You are overcomplicating the problem. You do not need to create multiple strings and then concatenate them. You can define the entire string in one line.'", "category": "FP-E" }, { "line_number": "1", "feedback": "To escape a character in a string, you can use the backslash (\\).", "category": "FP-E" }, { "line_number": "2", "feedback": "This line is not necessary. The strip() function is used to remove leading and trailing characters. In this case, you do not need to remove any characters.", "category": "FP-I" }, { "line_number": "3", "feedback": "This line is not necessary. You can include this part of the string in the final string.", "category": "FP-E" }, { "line_number": "4", "feedback": "This line is not necessary. You can include this part of the string in the final string.", "category": "FP-E" }, { "line_number": "5", "feedback": "This line is not necessary. The lstrip() function is used to remove leading characters. In this case, you do not need to remove any characters.", "category": "FP-I" }, { "line_number": "6", "feedback": "This line is not necessary. You can include this part of the string in the final string.", "category": "FP-E" }, { "line_number": "7", "feedback": "This line is not necessary. The rstrip() function is used to remove trailing characters. In this case, you do not need to remove any characters.", "category": "FP-I" }, { "line_number": "8", "feedback": "This line is not necessary. Instead of concatenating multiple strings, you can define the entire string in one line.", "category": "FP-E" } ] | F98: 1 | G98: FALSE | H98: 9 | J98: 6 | K98: 3 | M98: 2
A99: 17352 | B99: 98 | C99: s1 = "\"He said, \"This is nested" s2 = "\annoying\"\", Steve recalled." s = s1 + s2 | D99: s = "He said, 'This is nested\\annoying", Steve recalled." | E99: [ { "line_number": "1", "feedback": "You were on the right track with using escape characters, but you need to use them correctly. The backslash (\\) is used to escape special characters like quotes. To include a backslash in a string, you need to escape it with another backslash (\\\\). Also, you don't need to split the string into two parts. You can define the entire string in one line.", "category": "FP-I" }, { "line_number": "2", "feedback": "This line is unnecessary. The entire string can be defined in one line.", "category": "FP-E" }, { "line_number": "3", "feedback": "This line is unnecessary. The entire string can be defined in one line.", "category": "FP-E" } ] | F99: 1 | G99: FALSE | H99: 3 | J99: 2 | K99: 1 | M99: 2
A100: 17352 | B100: 99 | C100: print("\"He said, 'This is nested\\annoying'\", Steve recalled.") | D100: s = "\"He said, 'This is nested\\annoying'\", Steve recalled." print(s) | E100: [ { "line_number": "1", "feedback": "You were asked to create a string variable named "s" and then print it. You directly printed the string without assigning it to the variable "s".", "category": "TP" }, { "line_number": "1", "feedback": "You have correctly used the escape characters to handle quotes and backslashes within the string. Good job on that!", "category": "FP-E" } ] | F100: 1 | G100: TRUE | H100: 2 | I100: 1 | J100: 1
...

Sheet gpt4_N
A1: pid | B1: sid | C1: student_code | D1: repaired_code | E1: feedback | F1: num_iteration | G1: isRepairSuccess | H1: # feedback | I1: # TP Valid | J1: # FP Extra | K1: # FP Invalid | L1: # FP Hallucinate | M1: count_FN_Missing
A2: 17311 | B2: 1 | C2: """ store the final answer in a variable named result """ fahre = eval(input(enter the temperatur in fahrenheit)) result = ( fahre - 32 ) * 5 / 9 | D2: """ store the final answer in a variable named result """ fahre = eval(input('enter the temperature in fahrenheit')) result = ( fahre - 32 ) * 5 / 9 | E2: [ { "line_number": "2", "feedback": "The input prompt should be a string. You forgot to put quotes around the prompt. Always remember to enclose your strings in quotes.", "category": "TP" }] | F2: 1 | G2: TRUE | H2: 1 | I2: 1
A3: 17312 | B3: 2 | C3: """ store the final answer in a variable named result """ name = input("Enter your name:") age = input("Enter your age:") str.(name) str.(age) result = "My friend " + name + " is " + age + " years old." print(result) | D3: """ store the final answer in a variable named result """ name = input("Enter your name:") age = input("Enter your age:") result = "My friend " + name + " is " + age + " years old." print(result) | E3: [ { "line_number": "4", "feedback": "You don't need to convert the 'name' and 'age' variables to string using 'str.' function. The 'input' function in Python always returns a string. So, you can directly use the 'name' and 'age' variables in the concatenation operation.", "category": "TP" } ] | F3: 1 | G3: TRUE | H3: 1 | I3: 1
A4: 17312 | B4: 3 | C4: """ store the final answer in a variable named result """ name = int(input("enter name:")) age = int(input("enter age:")) result = "My friend" + (name) + " is " + (age) + "years old." print(result) | D4: """ store the final answer in a variable named result """ name = input("enter name:") age = input("enter age:") result = "My friend " + name + " is " + age + " years old." print(result) | E4: [ { "line_number": "2", "feedback": "You should not convert the name input to an integer. The name is a string, not a number.", "category": "TP" }, { "line_number": "3", "feedback": "You do not need to convert the age input to an integer. Although age is a number, you are using it as a string in the final message.", "category": "TP" }, { "line_number": "4", "feedback": "You need to add spaces in your string to separate the words properly. Also, you do not need to put parentheses around the variables name and age.", "category": "TP" } ] | F4: 1 | G4: TRUE | H4: 3 | I4: 3
A5: 17312 | B5: 4 | C5: x=eval(input("Enter your age:")) y=str(input("Enter your name:")) result=("My friend",y,"is",x,"years old.") | D5: y = input("Enter your name:") x = eval(input("Enter your age:")) result = "My friend " + y + " is " + str(x) + " years old." | E5: [ { "line_number": "1", "feedback": "The order of input prompts should match with the order of inputs provided. In this case, name should be asked before age.", "category": "TP" }, { "line_number": "4", "feedback": "The result string should be a single string. You should use the "+" operator to concatenate strings instead of comma. Also, the age should be converted to string before concatenating.", "category": "TP" } ] | F5: 1 | G5: TRUE | H5: 2 | I5: 2
A6: 17312 | B6: 5 | C6: n = str(input("Enter your name:")) a = str(input("Enter your age:")) result = "My friend " + str(n) " is " + str(a) " years old." print(result) | D6: n = str(input("Enter your name:")) a = str(input("Enter your age:")) result = "My friend " + str(n) + " is " + str(a) + " years old." print(result) | E6: [ { "line_number": "3", "feedback": "You forgot to add the "+" operator to concatenate the strings. Remember, in Python, you need to use "+" to join strings together.", "category": "TP" }] | F6: 1 | G6: TRUE | H6: 1 | I6: 1
A7: 17312 | B7: 6 | C7: """ store your answer in a variable named result """ name=eval(input('enter your name')) age=eval(input('enter your age')) result=("My friend", name, "is", age "years old.") print(result) | D7: """ store your answer in a variable named result """ name=eval(input('enter your name')) age=eval(input('enter your age')) result="My friend " + name + " is " + str(age) + " years old." print(result) | E7: [ { "line_number": "4", "feedback": "You were trying to concatenate strings and integer which is not possible in python. Also, you were trying to store the result as a tuple instead of a string. You should convert the age to string and concatenate all the parts of the sentence to form a single string.", "category": "TP" }] | F7: 1 | G7: TRUE | H7: 1 | I7: 1
A8: 17312 | B8: 7 | C8: name = input("Enter your name: ") age = eval(input("Enter your age: ") result = "My friend "+name+" is "+age+" years old print(result) | D8: name = input("Enter your name: ") age = input("Enter your age: ") result = "My friend "+name+" is "+age+" years old." print(result) | E8: [ { "line_number": "2", "feedback": "You should use the input function to get the age as a string. The eval function is not necessary here.", "category": "TP" }, { "line_number": "3", "feedback": "You missed closing the double quotes at the end of the string. Always ensure to close any opened quotes.", "category": "TP" }, { "line_number": "3", "feedback": "You forgot to add a full-stop at the end of the string", "category": "FN" } ] | F8: 1 | G8: TRUE | H8: 2 | I8: 2 | M8: 1
A9: 17312 | B9: 8 | C9: """ store your answer in a variable named result """ name = input() age = input() result = "My friend "+ name+" is "+age+" years old." | D9: name = input("Please enter your name: ") age = input("Please enter your age: ") result = "My friend "+ name+" is "+age+" years old." print(result) | E9: [ { "line_number": "2", "feedback": "The input function in Python usually takes a prompt string as an argument. You should add a prompt string to your input function when asking for the user's name.", "category": "FP-E" }, { "line_number": "3", "feedback": "The input function in Python usually takes a prompt string as an argument. You should add a prompt string to your input function when asking for the user's age.", "category": "FP-E" }, { "line_number": "5", "feedback": "You need to print the result", "category": "FN" } ] | F9: 2 | G9: TRUE | H9: 2 | J9: 2 | M9: 1
A10: 17313 | B10: 9 | C10: """ store your answer in a variable named result """ a = input("hi") print(a) | D10: radius = float(input("Enter the radius of the cylinder: ")) height = float(input("Enter the height of the cylinder: ")) result = 3.14159 * radius ** 2 * height print(result) | E10: [ { "line_number": "1", "feedback": "You should prompt the user to input the radius of a cylinder, not just print "hi". Use the input function to get user input and convert it to a float.", "category": "TP" }, { "line_number": "2", "feedback": "You should also prompt the user to input the height of the cylinder. Again, use the input function and convert the input to a float.", "category": "TP" }, { "line_number": "3", "feedback": "You need to calculate the volume of the cylinder using the formula πr²h and store the result in a variable named "result".", "category": "TP" }, { "line_number": "4", "feedback": "Finally, you should print out the calculated volume, not the input radius.", "category": "TP" } ] | F10: 1 | G10: TRUE | H10: 4 | I10: 4
A11: 17314 | B11: 10 | C11: def count_substring(string): ans = 0 positionA = -1 for count in range(string.count('A')): positionA = string.find('A", positionA + 1) ans += string.count('X", positionA + 1) return ans | D11: def count_substring(string): ans = 0 countX = 0 for i in reversed(range(len(string))): if string[i] == 'X': countX += 1 elif string[i] == 'A': ans += countX return ans | E11: [ { "line_number": "4", "feedback": "You are not correctly counting the substrings starting with 'A' and ending with 'X'. You need to count 'X's in the substring starting from 'A' until the end of the string, for each 'A' in the string. However, the count of 'X's should be cumulative for each 'A' found in the string. This can be done by iterating over the string in reverse order and for each 'X' found, increment a counter. For each 'A' found, add the current count of 'X's to the answer.", "category": "TP" }] | F11: 3 | G11: TRUE | H11: 1 | I11: 1
A12: 17314 | B12: 11 | C12: def count_substring(string): lst = list(string) ans = 0 for i in range(len(lst)): if lst[i] == 'A': ans += lst[i:].count('X') if lst[i:].count('A') == 0: return ans return ans | D12: def count_substring(string): lst = list(string) ans = 0 count_A = 0 for i in range(len(lst)): if lst[i] == 'A': count_A += 1 if lst[i] == 'X': ans += count_A return ans | E12: [ { "line_number": "5", "feedback": "The logic of the code is incorrect. The count of 'X' after each 'A' is not the correct way to count the substrings that start with 'A' and end with 'X'. Instead, you should increment a counter every time you encounter an 'A", and for each 'X' you encounter, add the current count of 'A's to the answer. This is because each 'X' can pair with any 'A' that came before it to form a valid substring.", "category": "TP" } ] | F12: 2 | G12: TRUE | H12: 1 | I12: 1
A13: 17314 | B13: 12 | C13: def count_substring(string): k = string.split("A") l = "" a = l.join(k) numA = len(string) - len(a) s = -1 ans = 0 while s > -(len(string)): if string[s] == "X": ans += numA elif string[s] == "A": numA -= 1 else: ans = ans s -= 1 return ans | D13: def count_substring(string): numA = 0 ans = 0 for s in string: if s == "A": numA += 1 elif s == "X": ans += numA return ans | E13: [ { "line_number": "2", "feedback": "You don't need to split the string. Instead, you can iterate over it directly.", "category": "FP-E" }, { "line_number": "3", "feedback": "The variable 'l' and the join operation are not necessary. You can count the number of 'A's directly in the loop.", "category": "FP-E" }, { "line_number": "5", "feedback": "You don't need to calculate the length of the string and subtract it from the length of 'a'. You can count the number of 'A's directly in the loop.", "category": "FP-E" }, { "line_number": "6", "feedback": "You don't need to use a while loop with a negative index. You can use a for loop to iterate over the string.", "category": "FP-I" }, { "line_number": "7", "feedback": "You don't need to check if the character is 'X' in the loop. Instead, you can increment the count of 'A's when you encounter an 'A' and add the count of 'A's to the answer when you encounter an 'X'.", "category": "TP" }, { "line_number": "9", "feedback": "You don't need to decrement the count of 'A's when you encounter an 'A'. Instead, you should increment the count of 'A's.", "category": "TP" }, { "line_number": "11", "feedback": "You don't need to assign 'ans' to itself. This line can be removed.", "category": "FP-E" } ] | F13: 1 | G13: TRUE | H13: 7 | I13: 2 | J13: 4 | K13: 1
A14: 17314 | B14: 13 | C14: def count_substring(s): ans = 0 for i in range (0, len(s)): ca = 0 cx = 0 n = 0 if s[i] == 'A': ca = 1 if i == (len(s)-1): if s[i] == 'X': cx = 1 else: for x in s[i+1:len(s)]: if x == 'X': cx +=1 n = ca * cx ans += n return ans | D14: def count_substring(s): ans = 0 ca = 0 for i in range (0, len(s)): if s[i] == 'A': ca += 1 elif s[i] == 'X': ans += ca return ans | E14: [ { "line_number": "4", "feedback": "You don't need to initialize 'ca", 'cx", and 'n' inside the loop. Only 'ca' is required and it should be initialized before the loop."", "category": "TP" }, { "line_number": "6", "feedback": "The condition 'if i == (len(s)-1):' is not necessary. You should increment 'ca' each time you encounter 'A' and increment 'ans' by 'ca' each time you encounter 'X'."", "category": "TP" }, { "line_number": "8", "feedback": "The inner loop is not necessary. You can accomplish the task using only one loop."", "category": "TP" }, { "line_number": "9", "feedback": "You don't need to keep a count of 'X'. Instead, each time you encounter 'X", add the current count of 'A' to 'ans'."", "category": "TP" }, { "line_number": "12", "feedback": "The calculation of 'n' is not required. You can directly add 'ca' to 'ans' each time you encounter 'X'."", "category": "TP" } ] | F14: 1 | G14: TRUE | H14: 5 | I14: 5
A15: 17314 | B15: 14 | C15: def count_substring(string): numbera=0 count=0 for i in range(len(string)): if string[i]=="A": count+=1 if string[i]=="X": count+=1 | D15: def count_substring(string): numbera=0 count=0 for i in range(len(string)): if string[i]=="A": numbera+=1 if string[i]=="X": count+=numbera return count | E15: [ { "line_number": "2", "feedback": "Indentation is important in Python. The body of your function should be indented.'", "category": "FP-H" }, { "line_number": "5", "feedback": "You should increment the count of "A" when you encounter an "A", not the total count.'", "category": "TP" }, { "line_number": "7", "feedback": "When you encounter an "X", you should add the count of "A"s to the total count, not just increment it by one.'", "category": "TP" }, { "line_number": "8", "feedback": "Your function should return the count at the end.'", "category": "TP" } ] | F15: 1 | G15: TRUE | H15: 4 | I15: 3 | L15: 1
A16: 17314 | B16: 15 | C16: def count_substring(string): ans = 0 for i in range(len(string)): if string[i] == 'A': rightstr = string[i+1:] x = rightstr.count('X') ans = ans + x return ans | D16: def count_substring(string): ans = 0 count_A = 0 for i in range(len(string)): if string[i] == 'A': count_A += 1 if string[i] == 'X': ans += count_A return ans | E16: [ { "line_number": "6", "feedback": "You are counting all the 'X's after each 'A'. However, you should consider that each 'A' starts a new substring. Therefore, you need to keep a count of 'A's and for each 'X' you find, add the current count of 'A's to the answer.", "category": "TP" }] | F16: 2 | G16: TRUE | H16: 1 | I16: 1
A17: 17314 | B17: 16 | C17: def count_substring(string): count=0 for i in range(0,len(string)): n=i while n<len(string): if string[i]=='A' and string[n]=='X': count=count+1 n=n+1 else: count=count n=n+1 return count | D17: def count_substring(string): count = 0 start = 0 for i in range(len(string)): if string[i] == 'A': start += 1 elif string[i] == 'X' and start: count += start return count | E17: [ { "line_number": "5", "feedback": "You should initialize 'start' to 0, not 'count'. 'start' should keep track of the number of 'A's encountered since the last 'X' (or the start of the string).", "category": "FP-H" }, { "line_number": "7", "feedback": "You need to check each character in the string individually. If the character is 'A", then you should increment 'start'. If the character is 'X", then you should add 'start' to 'count' and continue. This is because each 'A' can form a substring with the 'X'.", "category": "TP" }, { "line_number": "9", "feedback": "You should not be checking if string[i] == 'A' and string[n] == 'X' at the same time. These checks should be separate.", "category": "TP" }, { "line_number": "11", "feedback": "You should only increment your count if you have encountered an 'A' before the 'X'. So, you should have a variable that keeps track of whether you have encountered an 'A'.", "category": "TP" }, { "line_number": "15", "feedback": "You do not need this else statement. If the character is not an 'A' or an 'X", you should simply continue to the next character.", "category": "FP-I" } ] | F17: 3 | G17: TRUE | H17: 5 | I17: 3 | K17: 1 | L17: 1
A18: 17315 | B18: 17 | C18: def factorial(n): ans = 0 for ans in range(0, n+1, 1) ans = n * ans return ans | D18: def factorial(n): ans = 1 for i in range(1, n+1): ans *= i return ans | E18: [ { "line_number": "2", "feedback": "You should initialize "ans" to 1, not 0. Because anything multiplied by 0 is 0, your function will always return 0.", "category": "TP" }, { "line_number": "3", "feedback": "You should iterate from 1 to n (inclusive), not from 0 to n. Also, you need to include a colon at the end of the for loop.", "category": "TP" }, { "line_number": "4", "feedback": "You should multiply "ans" by the current number "i", not "n". Also, use the "*=" operator to update the value of "ans".", "category": "TP" } ] | F18: 1 | G18: TRUE | H18: 3 | I18: 3
A19: 17315 | B19: 18 | C19: def factorial(n): ans=1 while n>0: ans*=n n-1 return ans | D19: def factorial(n): ans=1 for i in range(1, n+1): ans*=i return ans | E19: [ { "line_number": "3", "feedback": "You should use a for loop as per the problem statement, not a while loop. Also, you forgot to update the value of n in the loop. It should be n = n - 1, not just n-1.", "category": "TP" }, { "line_number": "4", "feedback": "In your loop, you should multiply ans by i, where i ranges from 1 to n. This is because the factorial of a number is the product of all positive integers up to that number.", "category": "TP" } ] | F19: 1 | G19: TRUE | H19: 2 | I19: 2
A20: 17315 | B20: 19 | C20: def factorial(n): a = 0 while n != 1: if n % 2 == 0: n = n // 2 else: n = (3 * n) + 1 a += 1 return a | D20: def factorial(n): result = 1 for i in range(1, n+1): result *= i return result | E20: [ { "line_number": "2", "feedback": "You should initialize your result variable to 1, not 0. Because you are calculating a product, starting with 0 will always result in 0.", "category": "TP" }, { "line_number": "3", "feedback": "You should be using a for loop to calculate the factorial, not a while loop. The while loop you have written is calculating something else.", "category": "TP" }, { "line_number": "4", "feedback": "Your logic for updating the variable n is incorrect. You should be decrementing n by 1 each time, not dividing by 2 or multiplying by 3.", "category": "TP" }, { "line_number": "6", "feedback": "You should be multiplying your result variable by i each time through the loop, not adding 1 to it.", "category": "TP" }, { "line_number": "7", "feedback": "You should be returning your result variable, not a.", "category": "TP" } ] | F20: 1 | G20: TRUE | H20: 5 | I20: 5
A21: 17315 | B21: 20 | C21: def factorial(n): if n < 0: ans = "Invalid Input! " elif n == 0: ans = 1 else: for i in range(1, n + 1): ans *= i return ans | D21: def factorial(n): ans = 1 if n < 0: ans = "Invalid Input! " elif n == 0: ans = 1 else: for i in range(1, n + 1): ans *= i return ans | E21: [ { "line_number": "2", "feedback": "You forgot to initialize the variable "ans". It should be initialized to 1 before the loop starts. This is because the variable "ans" is used in the loop for multiplication, and any number multiplied by 1 remains the same. If "ans" is not initialized and you try to use it in the loop, it will cause an error because "ans" would not have a value yet.", "category": "TP" } ] | F21: 1 | G21: TRUE | H21: 1 | I21: 1
A22: 17315 | B22: 21 | C22: def factorial(n): if n==0: ans=1 else: a=1 while a<n+1: ans=1 ans=ans*a a+=1 return ans | D22: def factorial(n): ans = 1 for a in range(1, n+1): ans = ans * a return ans | E22: [ { "line_number": "3", "feedback": "You don't need to check if n==0. The for loop will handle it correctly."", "category": "FP-H" }, { "line_number": "5", "feedback": "You should use a 'for' loop as per the problem statement, not a 'while' loop."", "category": "TP" }, { "line_number": "7", "feedback": "You're resetting ans to 1 in every iteration of the loop. You should initialize ans to 1 before the loop starts."", "category": "TP" }, { "line_number": "8", "feedback": "In the loop, you should multiply the current value of ans by a, not set ans equal to a."", "category": "TP" } ] | F22: 1 | G22: TRUE | H22: 4 | I22: 3 | L22: 1
A23: 17316 | B23: 22 | C23: """ store your answer in a variable named result """ """ store your answer in a variable named result """ digit = eval(input("Enter int: ")) ones = digit % 10 tens = (digit // 10) % 10 hundred = (digit // 100) % 10 result = ones + tens print(sum) | D23: """ store your answer in a variable named result """ digit = eval(input("Enter int: ")) ones = digit % 10 tens = (digit // 10) % 10 hundreds = (digit // 100) % 10 result = ones + tens + hundreds print(result) | E23: [ { "line_number": "6", "feedback": "You have made a typo in the variable name. It should be "hundreds" instead of "hundred".'", "category": "FP-E" }, { "line_number": "7", "feedback": "You need to add the hundreds place digit to the result as well. So, it should be "result = ones + tens + hundreds".'", "category": "TP" }, { "line_number": "8", "feedback": "You should print the variable "result" instead of the function "sum".'", "category": "TP" } ] | F23: 1 | G23: TRUE | H23: 3 | I23: 2 | J23: 1
A24: 17316 | B24: 23 | C24: """ store your answer in a variable named result """ | D24: num = input("Enter a number in range [0,999]: ") num = int(num) result = 0 while num > 0: digit = num % 10 result += digit num = num // 10 print("The sum of the digits is", result) | E24: [ { "line_number": "1", "feedback": "You need to start by prompting the user to input an integer within the range of 0 to 999. You can use the input function for this.'", "category": "TP" }, { "line_number": "2", "feedback": "You need to convert the input to an integer using the int function.'", "category": "TP" }, { "line_number": "3", "feedback": "You need to initialize a variable named result to store the sum of the digits.'", "category": "TP" }, { "line_number": "4", "feedback": "You need to use a while loop to keep extracting and adding the digits of the number until the number becomes 0.'", "category": "TP" }, { "line_number": "5", "feedback": "You can use the modulus operator (%) to extract the last digit of the number.'", "category": "TP" }, { "line_number": "6", "feedback": "You need to add the extracted digit to the result.'", "category": "TP" }, { "line_number": "7", "feedback": "You can use the floor division operator (//) to remove the last digit from the number.'", "category": "TP" }, { "line_number": "8", "feedback": "Finally, you need to print the result.'", "category": "TP" } ] | F24: 1 | G24: TRUE | H24: 8 | I24: 8
A25: 17316 | B25: 24 | C25: integer = str(input("Enter an integer range [0,999]: ")) result = str[0] + str[1] + str[2] print(result) | D25: integer = int(input("Enter an integer range [0,999]: ")) result = integer // 100 + (integer % 100) // 10 + integer % 10 print("The sum of the digits is", result) | E25: [ { "line_number": "1", "feedback": "You should convert the input to integer instead of string, as we are dealing with numbers here.'", "category": "TP" }, { "line_number": "2", "feedback": "You are trying to access elements of string "str" which is incorrect. You should be using the variable "integer". Also, you need to extract the digits from the number using "%" and "//" operators and then add them.'", "category": "TP" }, { "line_number": "3", "feedback": "The print statement should display a proper message along with the result.'", "category": "FP-E" } ] | F25: 1 | G25: TRUE | H25: 3 | I25: 2 | J25: 1
A26: 17316 | B26: 25 | C26: """ store your answer in a variable named result """ ans = result % 10 result = result /10 ans += result % 10 result = result /10 ans += result | D26: result = int(input()) ans = result % 10 result = result // 10 ans += result % 10 result = result // 10 ans += result result = ans | E26: [ { "line_number": "1", "feedback": "You forgot to take the user's input. You should assign the input to the variable 'result' before performing operations on it.", "category": "TP" }, { "line_number": "2", "feedback": "You should use '//' for integer division instead of '/'. The '//' operator performs floor division which returns the largest possible integer.", "category": "TP" }, { "line_number": "4", "feedback": "You should use '//' for integer division instead of '/'. The '//' operator performs floor division which returns the largest possible integer.", "category": "TP" }, { "line_number": "6", "feedback": "You should assign the final sum 'ans' back to 'result' as per the problem statement.", "category": "TP" } ] | F26: 5 | G26: FALSE | H26: 4 | I26: 4
A27: 17317 | B27: 26 | C27: """ store the final answer in a variable named result """ integar = int(input("Enter an integar:")) result = integar%2 print(result == 0) | D27: """ store the final answer in a variable named result """ integar = int(input("Enter an integar:")) result = integar%2 == 0 print(result) | E27: [ { "line_number": "3", "feedback": "The result variable should store whether the number is even or not. So, you should assign the comparison (integar%2 == 0) to the result variable, not just the remainder of the division.'", "category": "TP" }] | F27: 1 | G27: TRUE | H27: 1 | I27: 1
A28: 17318 | B28: 27 | C28: x=1 y=2 x,y=y,x | D28: x, y = y, x | E28: [ { "line_number": "1", "feedback": "You do not need to reassign the values of x and y. They are already defined in the prefix.'", "category": "TP" }, { "line_number": "2", "feedback": "You do not need to reassign the values of x and y. They are already defined in the prefix.'", "category": "TP" } ] | F28: 1 | G28: TRUE | H28: 2 | I28: 2
A29: 17318 | B29: 28 | C29: x="newy" y="newx" x,y=x,y print(x) print(y) | D29: x, y = y, x print(x) print(y) | E29: [ { "line_number": "1", "feedback": "You were on the right track, but you made a mistake when trying to swap the values of x and y. You don't need to assign new strings to x and y before swapping their values. You can directly swap the values using the syntax "x, y = y, x". This will assign the value of y to x and the value of x to y.'", "category": "TP" }, { "line_number": "2", "feedback": "The print statements are correct. They will print the swapped values of x and y.'", "category": "FP-E" } ] | F29: 1 | G29: TRUE | H29: 2 | I29: 1 | J29: 1
A30: 17318 | B30: 29 | C30: x = 5 y = 9 x, y = y , x newx = x newy = y | D30: x, y = y , x | E30: [ { "line_number": "1", "feedback": "You have correctly used the tuple unpacking feature of Python to swap the values of x and y. However, you are reassigning the values of x and y at the beginning of your code, which is not necessary and is causing your code to fail. The values of x and y are already provided in the prefix. You should remove the first two lines of your code.'", "category": "TP" }, { "line_number": "3", "feedback": "The variables newx and newy are not needed in this case. The swapping of values should be reflected in the original variables x and y. You should remove these lines.'", "category": "TP" } ] | F30: 1 | G30: TRUE | H30: 2 | I30: 2
A31: 17318 | B31: 30 | C31: x, y = 2*y, x | D31: x, y = y, x | E31: [ { "line_number": "1", "feedback": "You were on the right track with using tuple unpacking to swap the values of x and y. However, you multiplied y by 2 in your code, which is not needed. Simply assign x to y and y to x to swap their values.'", "category": "TP" }] | F31: 1 | G31: TRUE | H31: 1 | I31: 1
A32: 17319 | B32: 31 | C32: a = b = c = d = e = | D32: a = 3 * 6 == 6.0 * 3.0 b = 2 > 5 or (1 < 2 and 9 >= 11) c = 3 > 4 or (2 < 3 and 9 > 10) d = not (11 % 3 == 2) e = "2" + "3" == "23" | E32: [ { "line_number": "1", "feedback": "You need to assign the expressions to the variables. The expressions should be on the right side of the assignment operator (=).'", "category": "TP" }, { "line_number": "2", "feedback": "You need to assign the expressions to the variables. The expressions should be on the right side of the assignment operator (=).'", "category": "TP" }, { "line_number": "3", "feedback": "You need to assign the expressions to the variables. The expressions should be on the right side of the assignment operator (=).'", "category": "TP" }, { "line_number": "4", "feedback": "You need to assign the expressions to the variables. The expressions should be on the right side of the assignment operator (=).'", "category": "TP" }, { "line_number": "5", "feedback": "You need to assign the expressions to the variables. The expressions should be on the right side of the assignment operator (=).'", "category": "TP" } ] | F32: 1 | G32: TRUE | H32: 5 | I32: 5
A33: 17320 | B33: 32 | C33: result =((3+4x)/5)-((10y-5)(a+b+c)/x)+9((4/x)+((9+x)/y)) | D33: result = ((3 + 4 * x) / 5) - (10 * (y - 5) * (a + b + c) / x) + 9 * ((4 / x) + ((9 + x) / y)) | E33: [ { "line_number": "1", "feedback": "You should use * for multiplication operation in Python. Also, you should use parentheses to correctly specify the order of operations. For example, in the expression 10 * (y - 5) * (a + b + c) / x, parentheses are used to ensure that (y - 5) and (a + b + c) are evaluated first, then multiplied by 10, and finally divided by x.'", "category": "TP" }] | F33: 1 | G33: TRUE | H33: 1 | I33: 1
A34: 17320 | B34: 33 | C34: result = ( " ( ( 3 + 4x ) / 5 ) - ( ( 10 * ( y - 5 ) * ( a + b + c ) ) / x ) + ( 9 * ( ( 4 / x ) + ( ( 9 + x ) / y ) ) ) " ) | D34: result = (3 + 4 * x) / 5 - (10 * (y - 5) * (a + b + c)) / x + 9 * ((4 / x) + ((9 + x) / y)) | E34: [ { "line_number": "1", "feedback": "You were trying to compute a mathematical expression as a string. In Python, mathematical operations such as addition, subtraction, multiplication, and division can be performed directly on numbers and variables. Also, remember to use * for multiplication in Python.'", "category": "TP" } ] | F34: 1 | G34: TRUE | H34: 1 | I34: 1
A35: 17322 | B35: 34 | C35: def chineseZodiac(year): if year % 12 == 0 zodiacYear == monkey if year % 12 == 1 zodiacYear == rooster if year % 12 == 2 zodiacYear == dog if year % 12 == 3 zodiacYear == pig if year % 12 == 4 zodiacYear == rat if year % 12 == 5 zodiacYear == ox if year % 12 == 6 zodiacYear == tiger if year % 12 == 7 zodiacYear == rabbit if year % 12 == 8 zodiacYear == dragon if year % 12 == 9 zodiacYear == snake if year % 12 == 10 zodiacYear == horse if year % 12 == 11 zodiacYear == sheep return zodiacYear | D35: def chineseZodiac(year): if year % 12 == 0: zodiacYear = "monkey" elif year % 12 == 1: zodiacYear = "rooster" elif year % 12 == 2: zodiacYear = "dog" elif year % 12 == 3: zodiacYear = "pig" elif year % 12 == 4: zodiacYear = "rat" elif year % 12 == 5: zodiacYear = "ox" elif year % 12 == 6: zodiacYear = "tiger" elif year % 12 == 7: zodiacYear = "rabbit" elif year % 12 == 8: zodiacYear = "dragon" elif year % 12 == 9: zodiacYear = "snake" elif year % 12 == 10: zodiacYear = "horse" elif year % 12 == 11: zodiacYear = "sheep" return zodiacYear | E35: [ { "line_number": "2", "feedback": "You forgot to put a colon at the end of the if statement. In Python, you need to end the if statement with a colon.'", "category": "TP" }, { "line_number": "3", "feedback": "You used the equality operator (==) instead of the assignment operator (=). You should use the assignment operator when you want to assign a value to a variable.'", "category": "TP" }, { "line_number": "3", "feedback": "You forgot to put quotes around the string. In Python, strings need to be enclosed in quotes.'", "category": "TP" }, { "line_number": "4", "feedback": "You should use "elif" instead of "if" for the subsequent conditions. This is because once a condition is met in an "if-elif" structure, Python will stop checking the rest of the conditions.'", "category": "TP" } ] | F35: 1 | G35: TRUE | H35: 4 | I35: 4
A36: 17323 | B36: 35 | C36: def smaller(num1, num2): #write your code below result = num1 return result#do not edit. This should be the last line | D36: def smaller(num1, num2): #write your code below if num1 < num2: result = num1 else: result = num2 return result#do not edit. This should be the last line | E36: [ { "line_number": "3", "feedback": "You're on the right track, but you're missing a key part of the problem. You need to compare num1 and num2 to determine which one is smaller. You can do this with an if-else statement. If num1 is less than num2, then result should be num1. Otherwise, result should be num2."", "category": "TP" }] | F36: 1 | G36: TRUE | H36: 1 | I36: 1
A37: 17323 | B37: 36 | C37: def smaller(num1, num2): #write your code below if num1<num2 result=num1 else result=num2 return result#do not edit. This should be the last line | D37: def smaller(num1, num2): #write your code below if num1<num2: result=num1 else: result=num2 return result#do not edit. This should be the last line | E37: [ { "line_number": "3", "feedback": "You forgot to put a colon at the end of the if condition. In Python, the syntax for if condition requires a colon at the end.'", "category": "TP" }, { "line_number": "5", "feedback": "Indentation is very important in Python. The code inside the if and else blocks should be indented.'", "category": "TP" }, { "line_number": "7", "feedback": "Indentation is very important in Python. The code inside the if and else blocks should be indented.'", "category": "TP" }, { "line_number": "7", "feedback": "You need to add a colon (:) at the end of the else statement.", , "category": "FN" } ] | F37: 1 | G37: TRUE | H37: 3 | I37: 3 | M37: 1
A38: 17324 | B38: 37 | C38: def leapYear(year): #write your code below if year % 400 == 0 : isLeapYear = True else: isLeapYear = False return isLeapYear | D38: def leapYear(year): #write your code below if year % 400 == 0 or (year % 4 == 0 and year % 100 != 0): isLeapYear = True else: isLeapYear = False return isLeapYear | E38: [ { "line_number": "3", "feedback": "You have correctly checked if the year is divisible by 400 to determine if it is a leap year. However, you also need to check if the year is divisible by 4 and not by 100, or if it is divisible by 400. This can be done using the logical operators "and" and "or".'", "category": "TP" }] | F38: 1 | G38: TRUE | H38: 1 | I38: 1
A39: 17324 | B39: 38 | C39: def leapYear(year): #write your code below if year % 4 == 0 and year %100 != 0 or year % 400 == 0: isLeapYear="True" else: isLeapYear="False" return isLeapYear return isLeapYear | D39: def leapYear(year): #write your code below if year % 4 == 0 and year %100 != 0 or year % 400 == 0: isLeapYear=True else: isLeapYear=False return isLeapYear | E39: [ { "line_number": "4", "feedback": "The variable 'isLeapYear' should be a boolean, not a string. So, instead of assigning 'True' or 'False' as strings, assign them as boolean values without", "category": "TP" quotes." }, { "line_number": "7", "feedback": "The variable 'isLeapYear' should be a boolean, not a string. So, instead of assigning 'True' or 'False' as strings, assign them as boolean values without quotes."", "category": "TP" }, { "line_number": "10", "feedback": "The second 'return isLeapYear' statement is unnecessary and unreachable. It should be removed."", "category": "TP" } ] | F39: 1 | G39: TRUE | H39: 3 | I39: 3
A40: 17325 | B40: 39 | C40: def triangle(s1, s2, s3): if s1==s2 or s1==s3 or s2==s3: triangleType="Isosceles" elif s1==s2==s3: triangleType="Equilateral" elif s1>=s2+s3 or s2>=s3+s1 or s3>=s2+s1: triangleType="Not a triangle" else: triangleType="Scalene" return triangleType | D40: def triangle(s1, s2, s3): if s1>=s2+s3 or s2>=s3+s1 or s3>=s1+s2: triangleType="Not a triangle" elif s1==s2==s3: triangleType="Equilateral" elif s1==s2 or s1==s3 or s2==s3: triangleType="Isosceles" else: triangleType="Scalene" return triangleType | E40: [ { "line_number": "2", "feedback": "The check for "Not a triangle" should be the first condition. If any side is longer or equal to the sum of the other two sides, it's not a triangle, regardless of whether any sides are equal.'", "category": "TP" }, { "line_number": "3", "feedback": "The check for "Equilateral" triangle should be before "Isosceles". If all sides are equal, it's an equilateral triangle, not an isosceles.'", "category": "TP" } ] | F40: 1 | G40: TRUE | H40: 2 | I40: 2
A41: 17326 | B41: 40 | C41: def gradientOfLine(x1, y1, x2, y2): #add your code below return gradientType | D41: def gradientOfLine(x1, y1, x2, y2): #add your code below gradient = (y2-y1)/(x2-x1) if gradient > 0: gradientType = "Positive" else: gradientType = "Negative" return gradientType | E41: [ { "line_number": "2", "feedback": "You need to calculate the gradient of the line using the formula (y2-y1)/(x2-x1).'", "category": "TP" }, { "line_number": "3", "feedback": "You need to check if the gradient is positive or negative and assign the value to gradientType accordingly.'", "category": "TP" } ] | F41: 1 | G41: TRUE | H41: 2 | I41: 2
A42: 17327 | B42: 41 | C42: import math def pointInCircle(x, y): if math.sqrt(x**2+y**2)>10: return False else: return Truedef pointInCircle(x, y): #write your code below return inCircle | D42: def pointInCircle(x, y): if math.sqrt(x**2+y**2)>10: return False else: return True | E42: [ { "line_number": "6", "feedback": "There seems to be a typo in your code. Instead of "Truedef", it should be "True". Also, the function pointInCircle is defined twice, which is unnecessary. Make sure to remove the second definition.'", "category": "TP" }, { "line_number": "8", "feedback": "The variable "inCircle" is not defined in your function. You should return the result directly from the condition check.'", "category": "TP" } ] | F42: 1 | G42: TRUE | H42: 2 | I42: 2
A43: 17329 | B43: 42 | C43: def decimal(b): pos=0 while(b>0): ans += (b%10)*2**pos b //= 10 pos += 1 return ans | D43: def decimal(b): ans = 0 pos = 0 while(b>0): ans += (b%10)*2**pos b //= 10 pos += 1 return ans | E43: [ { "line_number": "2", "feedback": "You forgot to initialize the variable "ans". Always remember to initialize your variables before using them.'", "category": "TP" }, { "line_number": "3", "feedback": "The input is a string, but you are treating it as an integer. You need to convert the string to an integer before performing mathematical operations on it.'", "category": "FP-H" }, { "line_number": "3", "feedback": "The input is in binary format, but you are treating it as a decimal. You need to convert the binary number to a decimal.'", "category": "FP-I" } ] | F43: 1 | G43: TRUE | H43: 3 | I43: 1 | K43: 1 | L43: 1
A44: 17329 | B44: 43 | C44: def decimal(b): ans = int(b) return ans | D44: def decimal(b): ans = 0 for digit in b: ans = ans * 2 + (1 if digit == '1' else 0) return ans | E44: [ { "line_number": "2", "feedback": "The built-in 'int' function is not allowed to be used for this task. Instead, you should iterate over each digit in the binary string, multiply the current total by 2 (since binary is base 2), and then add 1 if the current digit is '1' and 0 otherwise. This will convert the binary number to its decimal equivalent.", "category": "TP" }, { "line_number": "2", "feedback": "Convert the integer variable b to string by using 'b=str(b)'", "category": "FN" } ] | F44: 5 | G44: FALSE | H44: 1 | I44: 1 | M44: 1
A45: 17329 | B45: 44 | C45: def decimal(n): ans = 0 while n > 0: ans += (n%10) n //= 10 ans *= 10 print(ans) ans //= 10 return ans | D45: def decimal(n): ans = 0 power = 0 while n > 0: ans += (n%10) * (2**power) n //= 10 power += 1 return ans | E45: [ { "line_number": "4", "feedback": "You are not correctly converting the binary number to decimal. Remember that each digit in a binary number represents 2 to the power of its position, starting from 0. So you should multiply the digit by 2 raised to the power of its position.'", "category": "TP" }, { "line_number": "6", "feedback": "You should not multiply the answer by 10 after adding the value of the current digit. This is causing your function to return incorrect results.'", "category": "TP" }, { "line_number": "7", "feedback": "You should not print the answer inside the while loop. This is not part of the requirements and can cause confusion when debugging.'", "category": "FP-E" }, { "line_number": "8", "feedback": "You should not divide the answer by 10 after the while loop. This is causing your function to return incorrect results.'", "category": "TP" } ] | F45: 1 | G45: TRUE | H45: 4 | I45: 3 | J45: 1
A46: 17329 | B46: 45 | C46: def decimal(b): ans=0 pos=0 if b>=11: ans+=1 else: ans=ans while b>0: b//=10 pos+=1 if b%10==1: ans=ans+(2**pos) else: ans+=0 return ans | D46: def decimal(b): b = str(b) ans=0 pos=0 for digit in reversed(b): if digit == '1': ans += 2**pos pos += 1 return ans | E46: [ { "line_number": "3", "feedback": "The input is a binary number, so it should be treated as a string. Convert the input to string first.", "category": "FP-H" }, { "line_number": "5", "feedback": "The initial condition is not necessary and does not contribute to the final result. Remove it.", "category": "TP" }, { "line_number": "7", "feedback": "The while loop is not the correct approach here. Instead, iterate over the reversed binary string.", "category": "FP-E" }, { "line_number": "9", "feedback": "The condition inside the loop is not correct. You should check if the current digit is 1, not if the remaining number is odd.", "category": "TP" }, { "line_number": "10", "feedback": "The calculation of the decimal value is incorrect. It should be 2 to the power of the position if the digit is 1.", "category": "TP" }, { "line_number": "14", "feedback": "The else clause is not necessary and does not contribute to the final result. Remove it.", "category": "FP-E" } ] | F46: 1 | G46: TRUE | H46: 6 | I46: 3 | J46: 2 | L46: 1
A47: 17329 | B47: 46 | C47: def decimal(b): ans = '{0: b}'.format(b) return ans | D47: def decimal(b): ans = 0 b = str(b) for i in range(len(b)): ans += int(b[i]) * (2 ** (len(b) - 1 - i)) return ans | E47: [ { "line_number": "2", "feedback": "The built-in format function is not the correct way to convert a binary number to a decimal. Instead, you should iterate through each digit in the binary number, multiply it by 2 raised to the power of its position (counting from right to left and starting from 0), and add all these values together. This is how binary to decimal conversion works."", "category": "TP" } ] | F47: 1 | G47: TRUE | H47: 1 | I47: 1
A48: 17330 | B48: 47 | C48: def fibo(n): ans=1 for count in range(3,n+1): ans=ans+count return ans | D48: def fibo(n): a, b = 1, 1 for count in range(2, n): a, b = b, a + b return b | E48: [ { "line_number": "2", "feedback": "The Fibonacci sequence is not calculated correctly. The nth term is the sum of the (n-1)th term and the (n-2)th term, not the sum of the current term and its index. You should use two variables to hold the (n-1)th term and the (n-2)th term, and update them in each iteration.'", "category": "TP" }, { "line_number": "3", "feedback": "The range of the loop should start from 2, not 3, because the first two terms of the Fibonacci sequence are predefined as 1.'", "category": "TP" }, { "line_number": "4", "feedback": "The value of "ans" should be the sum of the last two terms in the sequence, not the sum of "ans" and the current index.'", "category": "TP" } ] | F48: 1 | G48: TRUE | H48: 3 | I48: 3
A49: 17330 | B49: 48 | C49: def fibo(n): count = 0 a = 1 b = 1 while count<=n-1: a, b = b, a+b count += 1 return b pass | D49: def fibo(n): count = 1 a = 1 b = 1 while count<n: a, b = b, a+b count += 1 return a | E49: [ { "line_number": "2", "feedback": "The count variable should start from 1 because in Fibonacci sequence, the first and second terms are already defined as 1.'", "category": "TP" }, { "line_number": "5", "feedback": "The loop should run until count is less than n, not less than or equal to n. This is because you have already defined the first two terms of the sequence.'", "category": "FP-H" }, { "line_number": "8", "feedback": "You should return a instead of b. This is because after the last iteration of the loop, you have already moved to the next term in the sequence.'", "category": "TP" } ] | F49: 1 | G49: TRUE | H49: 3 | I49: 2 | L49: 1
A50: 17330 | B50: 49 | C50: def fibo(n): a , b = 1 , 1 i = 1 while i < n: a,b = b , a + b i += 1 if n % 2 == 0: return b else: return a | D50: def fibo(n): a , b = 1 , 1 i = 2 while i < n: a,b = b , a + b i += 1 return b | E50: [ { "line_number": "3", "feedback": "The initialization of i should start from 2, because the first two terms of the Fibonacci sequence are already defined as 1.'", "category": "TP" }, { "line_number": "7", "feedback": "The if-else condition to return a or b based on whether n is even or odd is not necessary. The nth term of the Fibonacci sequence is not dependent on whether n is even or odd. You should always return b which is the nth term after the while loop.'", "category": "TP" } ] | F50: 1 | G50: TRUE | H50: 2 | I50: 2
A51: 17330 | B51: 50 | C51: def fibo(n): a = 0 b = 1 m=n for i in range(1,m+1): n = a + b a = b b = n i+=1 return n | D51: def fibo(n): a = 0 b = 1 for i in range(1,n+1): n = a + b a = b b = n return a | E51: [ { "line_number": "3", "feedback": "You do not need to assign n to m. You can directly use n in the range function.'", "category": "FP-E" }, { "line_number": "7", "feedback": "You do not need to increment i manually in a for loop. Python does it automatically.'", "category": "TP" }, { "line_number": "8", "feedback": "You should return a instead of n. The variable a holds the nth term of the Fibonacci sequence.'", "category": "TP" } ] | F51: 1 | G51: TRUE | H51: 3 | I51: 2 | J51: 1
A52: 17330 | B52: 51 | C52: def fibo(n): if n == 1 or n == 2: return 1 | D52: def fibo(n): if n == 1 or n == 2: return 1 else: a, b = 1, 1 for i in range(2, n): a, b = b, a + b return b | E52: [ { "line_number": "4", "feedback": "The recursive approach you initially used can be inefficient for large inputs due to repeated computations. Instead, you can use a loop to calculate the Fibonacci sequence. This approach starts with the first two numbers in the sequence, then repeatedly calculates the next number by adding the last two, updating these two numbers each time. This is much more efficient for large inputs.", "category": "FP-H" }] | F52: 2 | G52: TRUE | H52: 1 | L52: 1 | M52: 1
A53: 17330 | B53: 52 | C53: def fibo(n): a=0 b=1 for x in range (n-1): a,b=b,a+b return a | D53: def fibo(n): a=1 b=1 for x in range (n-1): a,b=b,a+b return a | E53: [ { "line_number": "2", "feedback": "The Fibonacci sequence starts with the first two terms as 1. So, you should initialize both a and b as 1, not 0 and 1.'", "category": "TP" }] | F53: 1 | G53: TRUE | H53: 1 | I53: 1
A54: 17330 | B54: 53 | C54: import math def fibo(n): return ((1+sqrt(5))**n-(1-sqrt(5))**n)/(2**n*sqrt(5)) pass | D54: def fibo(n): a, b = 0, 1 for _ in range(n): a, b = b, a + b return a | E54: [ { "line_number": "3", "feedback": "The formula you're using to calculate the Fibonacci sequence is not accurate for large numbers. It's better to compute the Fibonacci sequence iteratively. You can do this by initializing two variables, a and b, to 0 and 1 respectively. Then, for each number in the range up to n, update a and b to be b and a + b respectively. Finally, return a, which will be the nth term in the Fibonacci sequence."", "category": "TP" } ] | F54: 1 | G54: TRUE | H54: 1 | I54: 1
A55: 17330 | B55: 54 | C55: def fibo(n): if n == 0: return 0 elif n == 1: return 1 else: return fibo(n-1) + fibo(n-2) | D55: def fibo(n): fib = [0, 1] for i in range(2, n+1): fib.append(fib[i-1] + fib[i-2]) return fib[n] | E55: [ { "line_number": "2", "feedback": "The base case for the Fibonacci sequence is correct, but your solution is not efficient for large inputs due to repeated computation. Consider using dynamic programming to store the Fibonacci numbers as you compute them.", "category": "TP" }] | F55: 2 | G55: TRUE | H55: 1 | I55: 1
A56: 17330 | B56: 55 | C56: def fibo(n): x = 1 for lol in range(1, n+1): x += x return x | D56: def fibo(n): a, b = 1, 1 for i in range(2, n): a, b = b, a + b return b | E56: [ { "line_number": "2", "feedback": "The Fibonacci sequence starts with two 1s. So, you should initialize two variables, say a and b, to 1.", "category": "TP" }, { "line_number": "3", "feedback": "Your loop should start from 2 because the first two terms of the Fibonacci sequence are already defined. Also, the loop should run until n, not n+1.", "category": "TP" }, { "line_number": "4", "feedback": "In each iteration, you should update a and b such that a becomes b and b becomes the sum of the old a and b. This is because each term in the Fibonacci sequence is the sum of the previous two terms.", "category": "TP" }, { "line_number": "5", "feedback": "You should return b, not x, because b is the variable that holds the nth term of the Fibonacci sequence.", "category": "TP" } ] | F56: 1 | G56: TRUE | H56: 4 | I56: 4
A57: 17330 | B57: 56 | C57: def fibo(n): a = 0 b = 1 if n == 1: ans = 1 else: while n > 0: ans = a + b n -= 1 a = b b = ans return ans | D57: def fibo(n): a = 0 b = 1 for _ in range(n): a, b = b, a + b return a | E57: [ { "line_number": "4", "feedback": "The Fibonacci sequence starts with two 1s, so if n is 1 or 2, the answer should be 1.", "category": "TP" }, { "line_number": "6", "feedback": "You should use a for loop instead of a while loop. The loop should start from 0 and go up to n (not included), because we want to compute the nth term. Also, you can use tuple unpacking to swap the values of a and b, and to add the last two terms to get the next term in the sequence.", "category": "FP-E" }, { "line_number": "8", "feedback": "The nth term of the Fibonacci sequence is stored in the variable a after the loop, so you should return a.", "category": "TP" } ] | F57: 2 | G57: TRUE | H57: 3 | I57: 2 | J57: 1
A58: 17330 | B58: 57 | C58: from math import sqrt def fibo(n): a,b = 0,1 for i in range(n) a,b = b,a+b return a | D58: def fibo(n): a,b = 0,1 for i in range(n): a,b = b,a+b return a | E58: [ { "line_number": "4", "feedback": "You forgot to put a colon at the end of the for loop. In Python, the syntax of the for loop is "for variable in iterable:", so you need to put a colon at the end.", "category": "TP" }] | F58: 1 | G58: TRUE | H58: 1 | I58: 1
A59: 17330 | B59: 58 | C59: def fibo(n): ans=((1+5**(1/2))**n-(1-5**(1/2))**n)/(2**n*5**(1/2) return ans pass | D59: def fibo(n): if n<=0: return "Input should be a positive integer" elif n==1: return 1 elif n==2: return 1 else: a,b = 1,1 for i in range(n-2): a,b = b,a+b return b | E59: [ { "line_number": "2", "feedback": "The formula you used to calculate the Fibonacci sequence is incorrect. The Fibonacci sequence is defined as the sum of the two preceding ones, starting from 0 and 1. You should use a loop to calculate the nth term.'", "category": "TP" }, { "line_number": "3", "feedback": "The return statement is not necessary here. The function will end and return the result once it has finished executing the loop.'", "category": "FP-E" }, { "line_number": "4", "feedback": "The pass statement is not necessary here. It is used when a statement is required syntactically, but you do not want any command or code to execute.'", "category": "FP-E" } ] | F59: 1 | G59: TRUE | H59: 3 | I59: 1 | J59: 2
A60: 17330 | B60: 59 | C60: def fibo(n): pass | D60: def fibo(n): if n <= 0: return "Input should be a positive integer" elif n == 1: return 1 elif n == 2: return 1 else: a, b = 1, 1 for i in range(2, n): a, b = b, a + b return b | E60: [ { "line_number": "2", "feedback": "The function is currently not doing anything. You need to implement the logic to calculate the nth term of the Fibonacci sequence. Remember, the nth term is the sum of the (n-1)th term and the (n-2)th term.'", "category": "TP" } ] | F60: 1 | G60: TRUE | H60: 1 | I60: 1 | M60: 1
A61: 17330 | B61: 60 | C61: def fibo(n): a = 1 b = 0 x = 0 while x<n: a, b = a+b, a x += 1 return a | D61: def fibo(n): a = 1 b = 1 x = 2 while x<n: a, b = a+b, a x += 1 return a | E61: [ { "line_number": "2", "feedback": "The initial value of a should be 1 as the first term of the Fibonacci sequence is 1.'", "category": "FP-H" }, { "line_number": "3", "feedback": "The initial value of b should be 1 as the second term of the Fibonacci sequence is 1.'", "category": "TP" }, { "line_number": "4", "feedback": "The initial value of x should be 2 as we have already defined the first two terms of the Fibonacci sequence.'", "category": "TP" } ] | F61: 1 | G61: TRUE | H61: 3 | I61: 2 | L61: 1
A62: 17330 | B62: 61 | C62: def fibo(n): a = 1 green = 0 red = 0 blue = 1 while a < n: magenta = red + blue green += magenta red = blue blue = magenta a += 1 ans = green if ans == 0: ans = 1 return ans | D62: def fibo(n): a = 1 red = 1 blue = 1 while a < n: magenta = red + blue red = blue blue = magenta a += 1 return red | E62: [ { "line_number": "3", "feedback": "The initial values of "red" and "blue" should both be 1. The Fibonacci sequence starts with two 1s.'", "category": "TP" }, { "line_number": "7", "feedback": "You do not need to keep track of the sum of all Fibonacci numbers. You only need the last two numbers in the sequence to calculate the next number.'", "category": "FP-I" }, { "line_number": "10", "feedback": "The answer should be the last number generated in the Fibonacci sequence, which is stored in the "red" variable. There is no need to check if it is zero, because it will never be zero in a Fibonacci sequence.'", "category": "TP" } ] | F62: 1 | G62: TRUE | H62: 3 | I62: 2 | K62: 1
A63: 17330 | B63: 62 | C63: def fibo(n): if n==1 or n==2: return 1 return fibo(n-1)+fibo(n-2) | D63: def fibo(n): fib = [0, 1, 1] + [0]*(n-2) for i in range(3, n+1): fib[i] = fib[i-1] + fib[i-2] return fib[n] | E63: [ { "line_number": "4", "feedback": "Your recursive approach is correct for calculating Fibonacci numbers, but it is not efficient for larger numbers as it results in a large number of redundant calculations. Consider using a dynamic programming approach where you store the Fibonacci numbers as you calculate them and reuse them when needed, instead of recalculating them.", "category": "TP" }] | F63: 1 | G63: TRUE | H63: 1 | I63: 1
A64: 17331 | B64: 63 | C64: def reverse_number(n): num = 0 while n > 0: digit = n % 10 n //= 10 num = (num + digit) * 10 return num | D64: def reverse_number(n): num = 0 while n > 0: digit = n % 10 n //= 10 num = num * 10 + digit return num | E64: [ { "line_number": "6", "feedback": "You have a small mistake in the calculation of the reversed number. You should first multiply the current reversed number by 10 and then add the digit, not the other way around.", "category": "TP" }] | F64: 1 | G64: TRUE | H64: 1 | I64: 1
A65: 17331 | B65: 64 | C65: def palindrome_count(a, b): number = a count = 0 while number != b: if number == reverse_number(number) and reverse_number(number) <= b and reverse_number(number) >= a: count += 1 number += 1 else: number += 1 return number | D65: def reverse_number(n): reversed_number = 0 while n > 0: remainder = n % 10 reversed_number = (reversed_number * 10) + remainder n = n // 10 return reversed_number | E65: [ { "line_number": "1", "feedback": "The function name and parameters do not match the problem description. The function should be named "reverse_number" and should take a single parameter.", "category": "TP" }, { "line_number": "2", "feedback": "The logic of your code is incorrect. You are trying to count the number of palindrome numbers between two given numbers, while the problem asks to reverse the digits of a given number.", "category": "TP" }, { "line_number": "3", "feedback": "The "while" loop and the "if" condition inside it are not needed for this problem. You need to use a "while" loop to continuously divide the given number by 10 and add the remainder to the reversed number.", "category": "TP" }, { "line_number": "8", "feedback": "The return statement is incorrect. You should return the reversed number, not the original number.", "category": "TP" } ] | F65: 1 | G65: TRUE | H65: 4 | I65: 4
A66: 17331 | B66: 65 | C66: def reverse_number(n): y=n x=0 while y>0: y//10 x+=1 while n>0: z=n%10 n//10 ans+=z*(10**x) z-=1 return ans | D66: def reverse_number(n): y = n x = 0 ans = 0 while y > 0: y = y // 10 x += 1 while n > 0: z = n % 10 n = n // 10 x -= 1 ans += z * (10 ** x) return ans | E66: [ { "line_number": "2", "feedback": "You have defined the variable "y" but you did not update its value inside the loop. Remember to update the value of "y" in each iteration by using the assignment operator "=".", "category": "TP" }, { "line_number": "6", "feedback": "You have defined the variable "ans" but you did not initialize it before using it. Always remember to initialize your variables before using them.", "category": "TP" }, { "line_number": "9", "feedback": "You have defined the variable "n" but you did not update its value inside the loop. Remember to update the value of "n" in each iteration by using the assignment operator "=".", "category": "TP" }, { "line_number": "11", "feedback": "You are decreasing the value of "z" instead of "x". You should decrease the value of "x" in each iteration to correctly calculate the reversed number.", "category": "TP" } ] | F66: 1 | G66: TRUE | H66: 4 | I66: 4
A67: 17331 | B67: 66 | C67: def reverse_number(n): digits = 0 count = 0 ans = 0 main = 0 while n//(10**digits) > 1: digits += 1 while digits >= 1: main = n//(10**(digits-1)) ans = ans + main*(10**count) n = n%(10**(digits-1)) count += 1 digits -= 1 if digits-1 == 0: main = n%(10**(digits)) ans = ans + main*(10**(count)) return ans | D67: def reverse_number(n): reversed_number = 0 while n > 0: reversed_number = reversed_number * 10 + n % 10 n = n // 10 return reversed_number | E67: [ { "line_number": "2", "feedback": "The initial approach to count the digits and then reverse the number is not necessary and makes the code more complex. A simpler approach is to continuously take the last digit of the number and add it to the reversed number after shifting the current digits one place to the left (multiplying by 10).", "category": "TP" }, { "line_number": "4", "feedback": "The while loop condition should be 'n > 0'. This is because we want to keep taking the last digit of the number and adding it to the reversed number until there are no more digits left.", "category": "TP" }, { "line_number": "5", "feedback": "To reverse the number, continuously take the last digit of the number (n % 10) and add it to the reversed number after shifting the current digits one place to the left (multiplying by 10).", "category": "TP" }, { "line_number": "6", "feedback": "After taking the last digit of the number, remove it by doing integer division by 10.", "category": "TP" } ] | F67: 2 | G67: TRUE | H67: 4 | I67: 4
A68: 17331 | B68: 67 | C68: def reverse_number(n): rev = 0 while(num > 0): rev = (10*rev)+num%10 num //= 10 return rev | D68: def reverse_number(n): rev = 0 while(n > 0): rev = (10*rev)+n%10 n //= 10 return rev | E68: [ { "line_number": "3", "feedback": "You should use the variable "n" in the while loop condition and inside the loop, not "num". "num" is not defined in your function, so this will cause a NameError.", "category": "TP" } ] | F68: 1 | G68: TRUE | H68: 1 | I68: 1
A69: 17332 | B69: 68 | C69: def palindrome_count(a, b): count = 0 for i in range(a, b + 1): if reverse_number(i) == reverse_number(i)[::-1]: count += 1 return count | D69: def palindrome_count(a, b): count = 0 for i in range(a, b + 1): if i == reverse_number(i): count += 1 return count | E69: [ { "line_number": "4", "feedback": "You do not need to reverse the number twice. The function reverse_number already gives you the reversed number. So, you just need to compare the original number with its reversed version.", "category": "TP" }] | F69: 1 | G69: TRUE | H69: 1 | I69: 1
A70: 17332 | B70: 69 | C70: def palindrome_count(a, b): ans = 0 for i in range(a,b+1): forwards = i backwards = reverse_number(i) if (forwards == backwards): ans += 1 return ans | D70: def palindrome_count(a, b): ans = 0 for i in range(a,b+1): forwards = i backwards = reverse_number(i) if (forwards == backwards): ans += 1 return ans | E70: [ { "line_number": "5", "feedback": "The if condition to check if the number and its reverse are equal is not properly indented. It should be inside the for loop.", "category": "TP" } ] | F70: 1 | G70: TRUE | H70: 1 | I70: 1
